"ID","country","address","city"
8083,"Indonesia","Jalan Kaliurang Km. 14,5
Gedung D3 FE UII Lantai 4
Yogyakarta
Yogyakarta 55584 - DI YOGYAKARTA",""
8084,"Indonesia","Jl. Gedung Perpustakaan Lantai IV
Universitas Surabya 
Jl. Kalirungkut Tenggilis
Surabaya 60293 - JAWA TIMUR",""
8085,"Indonesia","Jeruklegi RT.13 RW.35 Gg. Bakung No. 517 A Banguntapan
Bantul 55198 - DI YOGYAKARTA",""
8086,"Indonesia","Puri Imperium Office Plaza 
Upper Ground Floor Unit UG-11 dan 12
Jl. Kuningan Madya, Kav. 5-6, Kuningan
Jakarta 12980 - DKI JAKARTA",""
8087,"Indonesia","Universitas Gajah Mada, Sekip K-9
Yogyakarta 55281 - DI YOGYAKARTA",""
8088,"Indonesia","Perum Pondok jati II Blok BL No.20 A Pagerwojo Buduran
Sidoarjo SIDOARJO - JAWA TIMUR",""
8089,"Indonesia","Jl. Bunga Rampai IX/4/135 Kel. Malaka Jaya Kec. Duren Sawit
Jakarta - DKI JAKARTA",""
8090,"Indonesia","Gedung Masri Singarimbun
Jl. Tevesia Bulaksumur
Yogyakarta","Yogyakarta"
8091,"Indonesia","Lt 11 Gedung Bersama Dekanat Fakultas Hukum
Universitas Andalas
Padang - SUMATERA BARAT",""
8092,"Indonesia","Universitas Surabaya, Kompleks Fakultas Teknik Gedung TG lt.IV
Jl. Kalirungkut
Surabaya 60292 - JAWA TIMUR",""
8093,"Indonesia","Bulaksumur G-7
PO Box 2 UGM
Yogyakarta 55281 - DI YOGYAKARTA",""
8094,"Indonesia","Jl. Kesejahteraan Raya No,24 Tanjung Karang Permai
Mataram 83115 - NUSA TENGGARA BARAT",""
8095,"Indonesia","Bulaksumur G-7
Sleman 55281 SLEMAN - DI YOGYAKARTA",""
8096,"Indonesia","Jl. Jeruk Purut No.11 Cilandak
Jakarta KOTA JAKARTA SELATAN - DKI JAKARTA",""
8097,"Indonesia","Labtek IX A R,230, Jl. Ganesha 10
BAndung 40132 - JAWA BARAT",""
8098,"Indonesia","Jl. Veteran Gg. Janur Kuning No. 11 A, Pandean, Umbulharjo,
Kota Yogyakarta 55161 KOTA YOGYAKARTA - DI YOGYAKARTA",""
8099,"Indonesia","Jl. MGR. Sugiapranata no.34A lt.2
Semarang - JAWA TENGAH",""
8100,"Indonesia","Jl. Veteran Gg. Janur Kuning No.10A Pandean Umbulharjo
Yogyakarta 55161 KOTA YOGYAKARTA - DI YOGYAKARTA",""
8101,"Indonesia","Jalan Al-Fath, Komplek Depag Blok G No. 1 Rt 02/07
Kelurahan Cipocok Jaya, Kecamatan Cipocok Jaya, Serang Banten
Kota Serang KOTA SERANG - BANTEN",""
8102,"Indonesia","Jl. Pahlawan No. 2
Jeneponto - SULAWESI SELATAN",""
8103,"Indonesia","Jl. Arif Margono II No. 15
Malang 65117 - ACEH",""
8104,"Indonesia","Jl. Jaya Bhakti 189 B
Kelurahan Medono
Pekalongan 51111 - JAWA TENGAH",""
8105,"Indonesia","Jl. Eksekus III No. 14 Komplek Kehakiman Sukasari
Kota Tangerang 15118 - BANTEN",""
8107,"Indonesia","Jl Durian IV No.21 Lamper Kidul
Semarang 50249 - JAWA TENGAH",""
8108,"Indonesia","Jl. Merbabu Utara III No. 19
Surakarta 57135 - JAWA TENGAH",""
8109,"Indonesia","Jl. Mawar Komplek Kejaksaan Agung Blok G-35 Psar Minggu
Jakarta 1243 KOTA JAKARTA SELATAN - DKI JAKARTA",""
8110,"Indonesia","Jl.Jamrud X No.18
Pondok Permata Suci
Gresik 61152 - JAWA TIMUR",""
8111,"Indonesia","Depan Balai Desa Kragan
Kec. Kragan
Rembang - JAWA TENGAH",""
8112,"Indonesia","Jl. Balearjosari 38
Malang - JAWA TIMUR",""
8114,"","V-5, 2nd Floor, BigBen Complex, J.P. Laurel Highway, Lipa City, Batangas",""
8115,"Indonesia","Pondok Pesantren Cipasung
Rt.02/07 Cipakat
Singaparna
Tasik Malaya 46417 - JAWA BARAT",""
8116,"Indonesia","Perumahan Bogor Baru, Jl. Danau Toba, Blok C-2 No.9
Kelurahan Tegallega, Kecamatan Bogor Tengah
Bogor 16127 - JAWA BARAT",""
8117,"Indonesia","Sampoerna Strategic Square
Menara Utara, Lt. 27
Jl. Jendral Sudirman Kav.45
Jakarta 12190 - DKI JAKARTA",""
8122,"Singapore","20 Hougang Street 11   Singapore 538748",""
8123,"Singapore","741 Jurong West Street 42 #01-01 Jurong Temple Singapore 649369",""
8127,"Singapore","20 MCCALLUM STREET #15-01 TOKIO MARINE CENTRE Singapore 069046",""
8129,"Singapore","495 Margaret Drive   Singapore 149305",""
8130,"Singapore","365 COMMONWEALTH AVENUE  QUEENSTOWN COMMUNITY CTR Singapore 149732",""
8131,"Singapore","400 COMMONWEALTH DRIVE   Singapore 149604",""
8132,"Singapore","709 COMMONWEALTH DRIVE  QUEENSTOWN LUTHERAN CHURCH Singapore 149601",""
8133,"Singapore","150A Mei Chin Road #01-01 and #02-01 Singapore 140150",""
8141,"Indonesia","Jl. Celagi Nunggul 101 Bali","Nusa Dua"
8144,"","Bogale, Ayeyarwady, Myanmar",""
8146,"Singapore","5000E MARINE PARADE RD #03-20 LAGUNA PARK Singapore 449288",""
8147,"Singapore","19 Amber Road   Singapore 439868",""
8150,"Singapore","1 TELOK BLANGAH CRESCENT  RADIN MAS COMMUNITY CLUB Singapore 098915",""
8151,"Indonesia","Jl.Jagalan 36 Po box 1104
Yogyakarta 55112 - DI YOGYAKARTA",""
8157,"Indonesia","Jl. H Shibi No.70 RT 007/01 Srengseng Sawah
Jakarta 12640 - DKI JAKARTA",""
8158,"Singapore","10 WOODLANDS DRIVE 17  MASJID YUSOF ISHAK Singapore 737740",""
8161,"","31 Moo 13 Thambon Thavangtan, Ampher Sarapi, Chiang Mai  50140,  Thailand"," Chiang Mai"
8162,"Singapore","501 MARGARET DRIVE   Singapore 149306",""
8164,"","11 Convant Road, Kwang Srilom, Khet Bangrak, Bangkok 10500"," Bangkok"
8177,"","255 Ratchawithi Road, Payathai, Bangkok"," Bangkok"
8180,"","185, Praditphat Road Soi Prsditphat 6 Samsennai Phayathai District, Bangkok, 10400 THAILAND",""
8182,"Indonesia","Jl. Mendut No.49 Bendogerit Sananwetan
Blitar KOTA BLITAR - JAWA TIMUR",""
8184,"Singapore","179 BARTLEY ROAD   Singapore 539784",""
8185,"","Post Ragihalli Hobli Jigan Bangalore Urban District, Bangalore, 560 083 INDIA",""
8186,"Singapore","179 Bartley Road   Singapore 539784",""
8189,"","#35 Lopez Jaena Street, 6000 Cebu City",""
8190,"","G/F Ramon Magsaysay Center, 1680 Roxas Blvd. Cor. J. Quintos St., Malate,  Manila",""
8193,"","Sabhavna, Jesuit Provincial's Residence Purulia Road, Post Box 4, Ranchi, 834001 INDIA",""
8198,"","2/40 Moo 2, Nakon Nayok Road, Rangsit 12110"," Rangsit"
8204,"Singapore","43 HINDHEDE WALK #07-08  Singapore 587973",""
8205,"","93/2, Keshava Shilpa, Kempegowdanagar, Bangalore, 560 019 INDIA",""
8206,"","E-183 B Ground Floor, Gali No 03 West Vinod Nagar, Delhi, 110092 INDIA",""
8210,"Singapore","600 NORTH BRIDGE ROAD #05-01 PARKVIEW SQUARE Singapore 188778",""
8211,"Singapore","15 HOE CHIANG ROAD #26-02 TOWER FIFTEEN Singapore 089316",""
8217,"","Orchid St. Purok St. Cruz, Calumpang, 9500 Gen. Santos City, South Cotabato",""
8221,"","Blk 187 Bishan Street 13 #01-475, Singapore, 570187 SINGAPORE",""
8222,"Singapore","187 BISHAN STREET 13 #01-475  Singapore 570187",""
8223,"","502 Bali Towers Station Road, Kalwa (West),, District - Thane, 400 605 INDIA",""
8227,"Indonesia","Mulyorejo Indah I/8
Surabaya KOTA SURABAYA - JAWA TIMUR",""
8239,"Singapore","170 UPPER BUKIT TIMAH ROAD #05-32 BUKIT TIMAH SHOPPING CENTRE Singapore 588179",""
8243,"","The Thai Red Cross Society 1871 Henry Dunant Rd.,Patumwan"," Bangkok"
8245,"","The CEO Building, 12th Floor, Jl. TB Simatupang No.18C, Jakarta, 12430 INDONESIA",""
8246,"Singapore","76 KENG LEE ROAD   Singapore 219251",""
8248,"Singapore","140 Casuarina Road   Singapore 579528",""
8249,"Singapore","60 EU TONG SEN STREET #03-14 FURAMA CITY CENTRE SINGAPORE Singapore 059804",""
8250,"Singapore","89 REDHILL CLOSE #1-448  Singapore 150089",""
8257,"Indonesia","Jl. Tukad Balian Gang 43 No 1A
Renon
Denpasar - BALI",""
8260,"Singapore","77 JURONG EAST STREET 13 #01-03 WESTMERE Singapore 609653",""
8261,"Singapore","237 ALEXANDRA ROAD #03-11 The Alexcier Singapore 159929",""
8268,"","Brgy. Sampaloc, Tanay, Rizal",""
8276,"","39/10 Moo 15, Soi 2, T. Suthep A. Muang, Chiang Mai 50200,"," Chiang Mai"
8277,"Indonesia","Jl. RH. Joenoes Somantri 04/20 Kel. Tambong Kec. Cipocok Jaya
Serang 42126 SERANG - BANTEN",""
8278,"Indonesia","Jalan Saharjo No 40 Setiabudi
Jakarta KOTA JAKARTA SELATAN - DKI JAKARTA",""
8279,"Indonesia","Jl. Kusnandar No.18 Karangpacar Bojonegoro
Bojonegoro 62117 BOJONEGORO - JAWA TIMUR",""
8285,"Singapore","5 JALAN MASJID #01-15 KEMBANGAN COURT Singapore 418924",""
8286,"Indonesia","Jl. Cut Nyak Dien no.50
Kutacane
Aceh Tenggara 24611 - ACEH",""
8287,"Indonesia","Jl. Salemba Tengah no 39 AA/BB, Paseban
Senen, Jakarta Pusat 10440
Telp        : (021) 3156908
Fax         : (021) 3156909
Email       : gss@remdecotama.co.id
Jakarta ",""
8289,"Indonesia","Jl. Cumi-cumi 1 No.3A RT 14/007 Jati
Pulogadung
Jakarta 13220 - DKI JAKARTA",""
8291,"Singapore","71 IRRAWADDY ROAD   Singapore 329562",""
8294,"Singapore","88 St Francis Road   Singapore 328070",""
8299,"Singapore","9 WOODLANDS AVENUE 9  REPUBLIC POLYTECHNIC Singapore 738964",""
8308,"Indonesia","Rektorat Building 8,5th Kampus UI Depok
Universitas Indonesia
Depok 16424 - JAWA BARAT",""
8316,"","49 Chico Street, Project 2, Quezon City",""
8323,"Singapore","2 Balestier Road #03-679  Singapore 320002",""
8325,"Singapore","14 Lim Tai See Walk   Singapore 267779",""
8329,"Singapore","21 COLLYER QUAY #16-1 HSBC BUILDING Singapore 049320",""
8330,"Singapore","19 Moulmein Rise   Singapore 308134",""
8331,"Singapore","397 LORONG 2 TOA PAYOH   Singapore 319639",""
8332,"Singapore","135 PASIR RIS STREET 11   #02-245  Singapore 510135",""
8333,"Singapore","114 LAVENDER STREET #13-70 HOCK SENG BUILDING Singapore 338729",""
8334,"Singapore","114 LAVENDER STREET #13-70 HOCK SENG BUILDING Singapore 338729",""
8336,"","Archivstrasse 1, Bern, 3005 SWITZERLAND",""
8337,"Singapore","780 Upper Serangoon Road #02-01 Choon Kim House Singapore 534649",""
8339,"Indonesia","Jl. Terusan Sigura-Gura Blok A no.43
Malang - JAWA TIMUR",""
8340,"Singapore","6 BATTERY ROAD #10-01  Singapore 049909",""
8345,"Singapore","21 COLLYER QUAY #16-1 HSBC BL Singapore 049320",""
8346,"","""Ushakirana"", 406-A/10,7th Main II Block Jayanagar, Bangalore, 560 011 INDIA",""
8350,"Singapore","5 Jalan Mashhor  RDA Centre Singapore 299174",""
8351,"Indonesia","Jl. Jambon IV Kompleks Jatimulya Indah
Yogyakarta 55242 - DI YOGYAKARTA",""
8352,"","15, Bhuvi, 2nd Cross Isro Layout, Bangalore, 560078 INDIA",""
8355,"Indonesia","Jalan Badak Agung X No. 22 Sumerta Kelod
Denpasar 80234 ENDE - NUSA TENGGARA TIMUR",""
8357,"Indonesia","Bogor Baru Blok C1 No.12A
Kel. Tegallega Kec. Bogor Tengah
Bogor 16127 KOTA BOGOR - JAWA BARAT",""
8367,"Singapore","2 ANG MO KIO STREET 64 #05-01B ECON INDUSTRIAL BUILDING Singapore 569084",""
8371,"","726, K-2 Block Gali No: 6D, Mahipalpur, New Delhi, 110037 INDIA",""
8372,"Singapore","12 ARUMUGAM ROAD #06-07 LION BUILDING B Singapore 409958",""
8373,"Singapore","19 PONGGOL TWENTY-FOURTH AVENUE   Singapore 829490",""
8374,"Singapore","315 Outram Road #10-02A Tan Boon Liat Building Singapore 169074",""
8377,"Singapore","6 LOYANG BESAR CLOSE   Singapore 509026",""
8378,"Singapore","6 LOYANG BESAR CLOSE   Singapore 509026",""
8379,"Singapore","215 Henderson Road #04-02  Singapore 159554",""
8380,"Singapore","1 JALAN ANAK BUKIT #B1-57 BUKIT TIMAH PLAZA Singapore 588996",""
8382,"","36-3 Jalan PJS 8/2 Mentari Plaza, Bandar Sunway, 46150, Petaling Jaya, Selangor Darul Ehsan, Malaysia",""
8388,"Singapore","137 TELOK AYER STREET #8-1  Singapore 068602",""
8389,"Singapore","115 EUNOS AVENUE 3 #03-04 ZHAOLIM BUILDING Singapore 409839",""
8395,"Indonesia","Dusun Kutu Wates RT 08/10 No.2
Sinduadi Mlati
Sleman 55284 SLEMAN - DI YOGYAKARTA",""
8398,"Indonesia","Jl. Siligita No.22 Nusa Dua
Kabupaten Badung","Kabupaten Badung"
8399,"Singapore","28 Maxwell Road #03-04 Red Dot Traffic Building Singapore 069120",""
8403,"","17th Flr., Citibank Center Bldg., Paseo de Roxas, Salcedo Village, Makati City",""
8404,"Singapore","5 LOWER KENT RIDGE ROAD #04-00 NATIONAL UNIVERSITY HOSPITAL Singapore 119074",""
8411,"","Room to Read India Trust, D21 Corporate Park, Office No 201, E (B), 2nd floor, Sector 21, Dwarka,, New Delhi, 110075 INDIA",""
8416,"Singapore","15 CHESTNUT CRESCENT   Singapore 679370",""
8418,"Singapore","21 MOUNT ELIZABETH #02-00 YORK HOTEL Singapore 228516",""
8422,"","Navjivan Co-Op Housing Society Limited, Bldg No. 3 Room No. 10 (R), 10th Floor; Lamington Road, Mumbai, 400 008 INDIA",""
8425,"","Town in Town Rorary Club Pattaya,
    206 Moo 9, Central Pattaya Road,"," Chonburi"
8426,"Singapore","171 TRAS STREET #10-179 UNION BUILDING Singapore 079025",""
8428,"Singapore","333 ORCHARD ROAD #33-12 MANDARIN SHOPPING ARCADE Singapore 238867",""
8429,"","80, Nungambakkam High Road, Nungambakkam, Chennai, 600034 INDIA",""
8435,"Singapore","9 Bishan Place #08-02 Junction 8 Shopping Centre Singapore 579837",""
8436,"","Rio Tuba, Bataraza, Palawan",""
8437,"Indonesia","Jl. Merpati Selatan No.8
Malang","Malang"
8438,"Singapore","1 Coleman Street #08-01 The Adelphi Singapore 179803",""
8439,"","Spiritual Pastoral Center, Ateneo de Manila University Campus, Loyola Heights, Quezon City",""
8443,"Indonesia","Lt 2 Ranuza Building
Jl. Timor 10
Jakarta 10350 - DKI JAKARTA",""
8444,"Indonesia","Jl Kenangan 1 No.33 RT04/01 Juwangen Purwomartani Kalasan
Sleman SLEMAN - DI YOGYAKARTA",""
8445,"Indonesia","Jl. Lenteng Agung Raya No. 20 Srengseng Sawah
Jakarta 12640 KOTA JAKARTA SELATAN - DKI JAKARTA",""
8446,"Indonesia","Jl. HM Said No. 23G
Kota Medan KOTA MEDAN - SUMATERA UTARA",""
8447,"Indonesia","Jl. Jatayu Raya Blok  F6 No.21 
Komplek Jatibening Estate
Bekasi KOTA BEKASI - JAWA BARAT",""
8448,"Indonesia","Jl. Talun No.57B
Sedayu
Muntilan 56412 KOTA MAGELANG - JAWA TENGAH",""
8449,"Indonesia","Jl. Warung Buncit Raya 405
Jakarta KOTA JAKARTA SELATAN - DKI JAKARTA",""
8450,"Indonesia","Jl. Pegangsaan I No 17
Kelurahan Kelapa Lima
Kupang - NUSA TENGGARA TIMUR",""
8451,"Indonesia","Sumber Anom Karang anom Klaten Utara
Klaten Utara 57438 - JAWA TENGAH",""
8454,"Indonesia","Jl. Siaga II No.10A Rt02/05 Pejaten Barat Pasar Minggu
Jakarta 12510 - DKI JAKARTA",""
8455,"Indonesia","Jl.Gurami UH VI/300B Rt 50/13
Sorosutan
Yogyakarta - DI YOGYAKARTA",""
8459,"","11/7 M.6, Sukapibal 5 Soi 32, K.Orngern, Khet Saimai, Bangkok 10220"," Bangkok"
8475,"Indonesia","Jl. Pejaten Barat Raya No. 17B
Jakarta 12510 KOTA JAKARTA SELATAN - DKI JAKARTA",""
8476,"Singapore","87 Aida Street   Singapore 459988",""
8480,"Singapore","65 CHULIA STREET #28-01 OCBC CENTRE Singapore 049513",""
8481,"Singapore","120 LOWER DELTA ROAD #04-10 CENDEX CENTRE Singapore 169208",""
8482,"Singapore","8 TAO CHING ROAD #19-13 LAKE LIFE Singapore 618724",""
8486,"","A-2/125 Janakpuri, New Delhi, 110058 INDIA",""
8489,"","Dey's Estate, Vill-Gazipur P.O. Kanganberia, P.S. Bishnupur 24 Parganas. (South), Kolkata, 743503 INDIA",""
8499,"","308 Goldridge Dr., Kanata, K2T1L1 CANADA",""
8504,"Singapore","127 Marshall Road   Singapore 424914",""
8505,"","547 Wat Bang Sai Kai, Soi Ban Somdej Rajabhat
    Institute, Issarabhap Road, Soi 15, Thon Buri, Bangkok 10600"," Bangkok"
8506,"Singapore","5 DEPOT ROAD #06-09 DEFENCE TECHNOLOGY BUILDING Singapore 109681",""
8516,"","Liceo de Cagayan University, Rodolfo N. Pelaez Blvd., Kauswagan, 9000 Cag. De Oro City, Misamis Oriental",""
8519,"Singapore","5 Lorong 29 Geylang  Sagaramudra Buddhist Institute Singapore 388060",""
8520,"Singapore","1 JURONG WEST CENTRAL 2 #06-04 JURONG POINT SHOPPING CENTRE Singapore 648886",""
8522,"","Rm. 502 Narra Bldg., 2276 Pasong Tamo Ext., Magallanes Village, Makati City",""
8526,"Indonesia","Perumnas Bumi Trimulyo Blok III No. 10, RT. 12, Jetis
Bantul BANTUL - DI YOGYAKARTA",""
8527,"Indonesia","Jl. Tambak II RT 06/05 No.23 Kel. Pegangsaan
Jakarta 10320 - DKI JAKARTA
Fax. 021-3918505",""
8528,"Indonesia","Kebrokan UH V/643 RT.20/05 Pandeyan Umbul Harjo
Yogyakarta KOTA YOGYAKARTA - DI YOGYAKARTA",""
8529,"Indonesia","Jl.Jambu 11/36 Pondok Tahudan colomadu
Karanganyar KARANGANYAR - JAWA TENGAH",""
8530,"Indonesia","Jl.Imam Bonjol no.E-227
Kampung Baru
Banda Aceh - ACEH",""
8531,"Indonesia","Dsn. Dangean Rt04 Gulon Salam
Magelang 56484 - JAWA TENGAH",""
8532,"Indonesia","BTN Pesona Paramita No.12A Pemaron
Buleleng BULELENG - BALI",""
8534,"","E-453, Greater Kailash, New Delhi, 110048 INDIA",""
8541,"","Z-133 & 134, Sector-12, Noida, 201 301 INDIA",""
8546,"Singapore","18 CROSS STREET #14-01/02 CHINA SQUARE CENTRAL Singapore 048423",""
8547,"Indonesia","Jl. Malabar No.22
Bogor 16151 - JAWA BARAT",""
8549,"","2/F Contessa Bldg., National Highway cor. Rizal St., Brgy. Poblacion, Muntinlupa City",""
8550,"Singapore","2 & 4 Lorong 24A Geylang   Singapore 398526",""
8551,"Singapore","270-B Sims Ave   Singapore 387514",""
8552,"","2nd Floor, D.D.A. Community Centre Chandiwali Gali Paharganj, New Dehli, 110055 INDIA",""
8555,"","El Progreso Salayano St., Salay, 9007 Misamis Oriental",""
8556,"Singapore","1-7 THOMSON HILLS DRIVE   Singapore 574746",""
8558,"Singapore","1 THOMSON HILLS DRIVE  THOMSON HILLS ESTATE Singapore 574746",""
8559,"Singapore","1 COLEMAN ST #8-1 THE ADELPHI Singapore 179803",""
8560,"Singapore","3 COLEMAN STREET #04-14 PENINSULA HOTEL Singapore 179804",""
8561,"","20 Bishan Street 22,  , 579768 SINGAPORE",""
8564,"","SCH - Nepal GPO Box No 2146, Kathmandu, NEPAL",""
8566,"Singapore","8 Ang Mo Kio Street 63 Avenue 9   Singapore 569114",""
8568,"Singapore","41 Wilkie Road   Singapore 228055",""
8571,"Singapore","134 Tembeling Road   Singapore 423643",""
8573,"","Address Post. Box 123 Amphur Mueang Chiang Mai, Thailand 50000"," "
8574,"Indonesia","Jl. Kuburan China
Kel. Metina
Baa
Rote Ndao - NUSA TENGGARA TIMUR",""
8576,"Singapore","10 CANTONMENT CLOSE #01-01 MULTI STOREY CAR PARK Singapore 080010",""
8577,"","CA: 39, 15th Cross, -4 16th Main, Sector, HSR Layout-560102, Bangalore Urban, 560102 INDIA",""
8579,"Indonesia","Jalan Gunung Anyar Jaya 1 - C1,
Surabaya KOTA SURABAYA - JAWA TIMUR",""
8583,"Indonesia","Jl. Karya Sari 24 
Tangkareng
Pekanbaru 28282 - RIAU",""
8584,"","#12/3, 'Raghava Krupa' 6th Main, Bull Temple 'A' Cross Road Behind Uma Theatre, Chamarajpet, Bangalore, 560 018 INDIA",""
8588,"","St. Bede's Hall, San Beda College, Mendiola Stree, San Mirguel, Manila",""
8591,"Singapore","32 TAI SENG AVENUE   Singapore 584034",""
8592,"Singapore","18 Admiralty Street   Singapore 757439",""
8594,"","40 San Miguel Avenue, Mandaluyong City",""
8595,"Singapore","21 BEDOK NORTH AVENUE 4   Singapore 489948",""
8596,"","San Roque, San Manuel, Pangasinan",""
8605,"","3/710 Phonyothin Road Soi 48 Bangkok 10220"," Bangkok"
8606,"Indonesia","Jl. Inspeksi Saluran Jatiluhur No. 30 Rt. 007/001
Cipinang Melayu gudang Seng
Jakarta 13620 - DKI JAKARTA",""
8607,"","47/30 Mu Baan Daen Tawan
    Nua, Suthep Road,","     Chiang Mai"
8612,"","C-250 Suchant lok - 1, Gurgaon, 122009 INDIA",""
8614,"Indonesia","Jl.Adi Sucipto no.44 Hombel
Ruteng - NUSA TENGGARA TIMUR",""
8620,"Singapore","1F Pine Grove #10-32 Pine Grove Singapore 595001",""
8621,"Indonesia","Jl.Swaramahardika Kompleks PU P3SA no 6
Mataram - NUSA TENGGARA BARAT",""
8625,"Indonesia","Jl. Ebah Rt 05/RW 02 No.97
Desa Cipaku Kec. Paseh
Kabupaten Bandung 40383 - JAWA BARAT",""
8627,"Indonesia","Jl. Poros Majene-Mamuju Km 45
Majene - SULAWESI BARAT",""
8630,"Indonesia","Jl. Alani Dalam No. 06/34 B
Bandung","Bandung"
8633,"Indonesia","Jl. Jatipadang Raya No.5 RT 06/RW 03
Pasarminggu
Jakarta - DKI JAKARTA",""
8635,"","18/1 Moo 1 Viengkhuk, Muang Nongkhai 43000,
    Thailand"," Nong Khai"
8639,"Singapore","40 WOODLANDS STREET 41  SINGAPORE AMERICAN SCHOOL Singapore 738547",""
8640,"Indonesia","Jl. Wonosari Km 8 Berbah
Sleman SLEMAN - DI YOGYAKARTA",""
8641,"Singapore","30 HONG SAN TERRACE  HOME @ HONG SAN Singapore 688246",""
8642,"Singapore","351 CHAI CHEE STREET  SATA COMMHEALTH BUILDING Singapore 468982",""
8644,"Singapore","135 Middle Road #05-12 Bylands Building Singapore 188975",""
8645,"Singapore","2 BUANGKOK GREEN  PELANGI VILLAGE Singapore 539749",""
8646,"Singapore","395 Bukit Batok West Avenue 8   Singapore 658963",""
8647,"Indonesia","Jl. Gunung Gede IX Blok C. No. 42 Perumnas II Kel. Kauringin Jaya, Kec. Bekasi Selatan
Kota Bekasi 17144 - JAWA BARAT",""
8648,"Indonesia","Jl. Tebet Utara 2C No.27
Jakarta 12820 - DKI JAKARTA",""
8649,"Indonesia","Jl.Iskandar Muda no.148/301
Aceh Tenggara 24611 - ACEH",""
8650,"","Lot-39480, Jalan Industri PBP3, Taman Industri Pusat Bandar Puchong, , 47100, Puchong, Selangor, Malaysia",""
8658,"Indonesia","Jl. Tumenggung Tilung Gg. Savero Perum Borneo Indah No.4
Palangka Raya 73111 KOTA PALANGKA RAYA - KALIMANTAN TENGAH",""
8660,"","706 National Life Insurance Building, Ayala Avenue, Makati City",""
8663,"Singapore","352 TANGLIN ROAD #03-01 TANGLIN INTERNATIONAL CENTRE Singapore 247671",""
8667,"","501 Kings Hwy Suite 400, Fairfield, CT 06825",""
8668,"","SF 9 G-BlockBandra Kurla Complex (Next to American School of Bombay, Bandra East) Bandra Kurla Complex (Next to American School of Bombay, Bandra East), Mumbai, 400098 INDIA",""
8670,"Indonesia","Jl.Kemang Selatan Raya No.111 H
Jakarta Selatan 12730 - DKI JAKARTA",""
8680,"Indonesia","Perum Bogor Baru Taman
Jalan Cisangkui, Blok B 6 No 1
Bogor 16127 - JAWA BARAT",""
8681,"Singapore","4 SHENTON WAY #08-05 SGX CENTRE II Singapore 068807",""
8683,"Indonesia","Jl. Malabar No. 22
Bogor 16151 - JAWA BARAT",""
8684,"Singapore","26 THAM SOONG AVENUE  AIRVIEW PARK Singapore 597042",""
8688,"Singapore","21 PRESTON ROAD  INTERNATIONAL SCHOOL Singapore 109355",""
8689,"","185/3M. 4, T. Pa Meing, Doi Saket District,
    50220 Chiang Mai"," Chiang Mai"
8693,"Singapore","1 TECHNOLOGY DRIVE  SCH OF SCIENCE AND TECH, S'PORE Singapore 138572",""
8710,"Singapore","7 ARMENIAN STREET #03-07 BIBLE HOUSE Singapore 179932",""
8711,"","2704B Tektite Tower I, Exchange Road, Ortigas Center, Pasig City",""
8712,"Singapore","48 EMERALD HILL ROAD   Singapore 229324",""
8713,"Singapore","96 Waterloo Street   Singapore 187967",""
8714,"Singapore","96 WATERLOO ST  SCWO CENTRE Singapore 187967",""
8725,"","mercy home, sogathur cross road, Dharmapuri, 636809 INDIA",""
8727,"","99/101 Ardnarong Rd. Klongtoey Klongtoey Bangkok 10110"," Bangkok"
8733,"Indonesia","Jl.Gajah Mada No.21 Waikabubak
Sumba Barat - NUSA TENGGARA TIMUR",""
8735,"Singapore","7 Maxwell Road #05-03 MND Building Annexe B Singapore 069111",""
8736,"","8/F Security Bank Centre, 6776 Ayala Avenue, Makati City",""
8738,"Indonesia","Jalan Gama Setia Raya Komplek Pelni Blok B3 No8 RT07 RW017 BaktiJaya-Sukmajaya
Depok","Depok"
8739,"Singapore","557 Bukit Batok Street 23   Singapore 659523",""
8740,"Singapore","557 Bukit Batok Street 23   Singapore 659523",""
8744,"Singapore","21 JOO SENG ROAD #06--166  Singapore 360021",""
8753,"Indonesia","Jl. Sisingamangaraja No. 10C
Palu 94117 - SULAWESI TENGAH",""
8754,"Indonesia","Jl. Dago Barat No.21/159D Kecamatan Coblong
Bandung 40135 KOTA BANDUNG - JAWA BARAT",""
8755,"Indonesia","Jl.Mushaola Al Amin RT 01/05 Jagakarsa
Jakarta 12620 - DKI JAKARTA",""
8756,"Indonesia","Jl. Jati Barat Raya No.287
Banyumanik
Semarang 50263 - JAWA TENGAH",""
8757,"Indonesia","Jl. Jend. Sudirman RT 02/01 No.367 Kel. Kasepuhan Kec. Batang
Kabupaten Batang 51214 BATANG - JAWA TENGAH",""
8758,"Indonesia","Jl. Selambo Raya No 33 Kecamatan Medan Amplas
Medan 20229 - SUMATERA UTARA",""
8759,"Indonesia","Jl. Patehan Lor 2B
Yogyakarta 55133 - DI YOGYAKARTA",""
8760,"Indonesia","Jl. Saleh Ubud No. 18-19, Otto Iskandardinata
Jakarta 13330 - DKI JAKARTA",""
8761,"Indonesia","Jl. Pendidikan Lr. Lampoh Kandang No. 3 
Gampong Punge Blang Cut Kec. Jaya Baru
Banda Aceh - ACEH",""
8762,"Indonesia","Jl. Gunung Salju, Depan Kampus UNIPA-Amban
Manokwari 98301 - PAPUA BARAT",""
8764,"Indonesia","Jl. Kimaan 2
Merauke 99602 - PAPUA",""
8765,"Indonesia","Jl. Kesehatan no.4 Dok II
Jayapura 99013 - PAPUA",""
8766,"Indonesia","Jl. Mojopahit 38B
Surabaya 60265 - JAWA TIMUR",""
8767,"Indonesia","Jl. Raya Sentani - Kemiri
Kompleks Misi Katolik Biara St. Antonius Padua
Jayapura - PAPUA",""
8768,"Indonesia","Mampang Prapatan IV
Jl. K no.37
Jakarta 12970 - DKI JAKARTA",""
8769,"Indonesia","Jl. Tribrata II No.11, Dopang, Gunungsari, Lombok Barat
Mataram 83121 - NUSA TENGGARA BARAT",""
8770,"Indonesia","Komp. Taruko Permai Blok B No. 7
Padang 25156 - SUMATERA BARAT",""
8771,"Indonesia","Jl. Bosnik Raya no.5 Rt.03/3
Kel. Karang Mulia
Biak 98117 - PAPUA",""
8772,"Indonesia","Jl. Pinang Raya no.21 
Komplek Bukit Bintang Cunda
Lhokseumawe - ACEH",""
8773,"Singapore","70 BARKER ROAD #05-02  Singapore 309936",""
8779,"","219/28-31 Asoke Towers Office Building 9th Floor, Sukhumvit 21 Road Klongtoey Nua, Wattana, Bangkok, 10110 THAILAND",""
8780,"Singapore","11 WOODLANDS CLOSE #10-43 WOODLANDS 11 Singapore 737853",""
8781,"Singapore","140 Casuarina Road   Singapore 579528",""
8782,"Singapore","31 Simei Road   Singapore 529974",""
8783,"Singapore","2125 SEMBAWANG ROAD   Singapore 758528",""
8784,"Singapore","326 SEMBAWANG CRESCENT #01-52  Singapore 750326",""
8785,"Singapore","28 Admiralty Street   Singapore 757613",""
8786,"Singapore","10-B JALAN JERUJU   Singapore 768443",""
8787,"Singapore","475 Yishun Ring Road   Singapore 768678",""
8788,"Singapore","70 BARKER ROAD #4-2 METHODIST CENTRE Singapore 309936",""
8790,"Singapore","475 Yishun Ring Road   Singapore 768678",""
8791,"Singapore","113 PECK SEAH ST   Singapore 079332",""
8792,"Singapore","2 Sengkang Square #01-01 Sengkang Community Hub Singapore 545025",""
8793,"Singapore","31 ANCHORVALE ROAD   Singapore 545056",""
8794,"Singapore","458 HOUGANG AVE 10 #1-405  Singapore 530458",""
8795,"Singapore","59 Anchorvale Road  ANCHORVALE COMMUNITY CLUB Singapore 544965",""
8801,"Indonesia","Komplek BNI No. 25 Jl. Madubronto
Patangpuluhan Wirobrajan
Yogyakarta 55252 - DI YOGYAKARTA",""
8802,"Indonesia","Jl.Bilal Gang Arimbi No. 1 Medan Timur
Medan 202 - SUMATERA UTARA",""
8803,"Indonesia","Jl. Banjar RT 05 No.08 Kelurahan Gunung Sari Ilir
Kecamatan Balikpapan Tengah
Balikpapan 76121 KOTA BALIKPAPAN - KALIMANTAN TIMUR",""
8806,"Singapore","9 LORONG 35 GEYLANG #03-01 Nam Hai Keing Singapore 387941",""
8807,"Singapore","10 SERANGOON NORTH AVENUE 2   Singapore 555877",""
8808,"Singapore","238 Serangoon Avenue 2 #01-47  Singapore 550238",""
8810,"Singapore","17 SERAYA ROAD  SERENE GARDEN HOME Singapore 437255",""
8812,"Indonesia","Perumnas Parit III Blok D No. 20 
Tembilahan Hulu
Indragiri Hilir - RIAU",""
8813,"Indonesia","Jl. Raya Manukan Wetan no.36
Tandes
Surabaya - JAWA TIMUR",""
8814,"Indonesia","Jl. Pengadegan Utara II No 1 B RT 08/06 Pancoran
Jakarta 12279 - DKI JAKARTA",""
8815,"Indonesia","Jl Tenggilis Utara II/41
Surabaya - JAWA TIMUR",""
8816,"Indonesia","Jl. Budi Utomo Blok A4 no.5
Pontianak 78241 - KALIMANTAN BARAT",""
8817,"Indonesia","Jl. Tgk. Munira  Lr. II No. 16 BLam Ara Kec. Banda Raya
Banda Aceh - ACEH",""
8818,"Indonesia","Buhlawang Barat Desa Kruak Kecamatan Keruak
Lombok Timur 83672 LOMBOK TIMUR - NUSA TENGGARA BARAT",""
8819,"Indonesia","Dusun 04 RT 03 RW 09 Desa Gebang Kulon Kecamatan Gebang
Kabupaten Cirebon 45191 - JAWA BARAT",""
8820,"Indonesia","Jln. Mampang Prapatan XIV No. 5
Jakarta 12790 - DKI JAKARTA",""
8821,"Indonesia","Jl. Angsana I/13A Rt 04/06
Pejaten Timur,Pasar Minggu
Jakarta 12710 - DKI JAKARTA",""
8822,"Indonesia","Jl. Raya Pasar Minggu km 17 no.9
Jakarta Selatan - DKI JAKARTA",""
8823,"Indonesia","Jl. Raya Pasar Minggu Km.17 no.9
Jakarta 12740 - DKI JAKARTA",""
8824,"Indonesia","Jl. Raya Wanayasa-Batur Km4 Jatilawang
Wanayasa
Banjarnegara 53457 - JAWA TENGAH",""
8825,"Indonesia","Jl. Mampang Parapatan XIV  No. 5
Jakarta 12790 - DKI JAKARTA",""
8826,"Indonesia","Jl. Laswi No. 1 Kel. Tawang Kota
Tasikmalaya - JAWA BARAT",""
8827,"Indonesia","Jl. Raya Samarang no.686
Ngontong Tarogong
Garut 44151 - JAWA BARAT",""
8828,"Indonesia","Jl. Mutiara no.12 Air Tawar Timur
Padang 25132 - SUMATERA BARAT",""
8829,"Indonesia","Jl. Delima II Rt.002/05 No.07 Kel. Tanjung Duren Selatan Kec. Grogol Petamburan, Pinggirrawa Barat,
Jakarta 1147 - DKI JAKARTA",""
8830,"Indonesia","D/a KBHB Cab. Curup
Jl. Nusirwan Gg. Bambu no.51C
Curup - BENGKULU",""
8831,"Indonesia","Rt1/3 Jayasar Tunjungsari
Sumedang - JAWA BARAT",""
8832,"Indonesia","Jln Jafar Shodiq 36 Kalibening 
Tingkir,
Salatiga - JAWA TENGAH",""
8834,"Indonesia","Jl. Hang Jebat I/3, Kebayoran Baru
Jakarta 12120 - DKI JAKARTA",""
8840,"Indonesia","Jl. Hang Lekiu II No. 41
Jakarta 10210 KOTA JAKARTA SELATAN - DKI JAKARTA",""
8841,"Indonesia","Jl. Imam Bonjol RT XI No.18C
Kelurahan Telanai Pura  Kecamatan Telanai Pura
Jambi 36122 - JAMBI",""
8842,"Indonesia","Jl. Jemur Handayani 55
Surabaya - JAWA TIMUR",""
8843,"","137 Rama 5
    Road, Kwang Nakornchaisri Road, Khet Dusit, Bangkok 10300","
    Bangkok"
8844,"Singapore","1 COLEMAN STREET #08-01 THE ADELPHI Singapore 179803",""
8846,"Singapore","335 Bedok North Avenue 3   Singapore 469718",""
8847,"","693 4th Bldg. Yodsae, Bamrungmueng Rd., Klong Mahanak,
    Pomprab., Bangkok 10100, Thailand"," Bangkok"
8848,"Indonesia","Jl. Pemuda No. 62 Kelurahan Tumpok Teungoh
Lhokseumawe - ACEH",""
8851,"Singapore","90 JURONG EAST STREET 13   Singapore 609648",""
8852,"Singapore","50 PLAYFAIR ROAD #03-01 NOEL BUILDING Singapore 367995",""
8853,"","49, Deendayal Upadyaya Marg, New Delhi, 110 002 INDIA",""
8857,"Singapore","1 SOPHIA ROAD #04-08 PEACE CENTRE Singapore 228149",""
8858,"Singapore","20 LENGKOK BAHRU #02-06 ENABLING VILLAGE Singapore 159053",""
8859,"","190 Lorong 6 Toa Payoh #02-514, Singapore, 310190 SINGAPORE",""
8860,"Singapore","6 BATTERY ROAD #10-01  Singapore 049909",""
8861,"Singapore","16 College Road  College of Medicine Building Singapore 169854",""
8862,"","15/F SGV Building II, 6760 Ayala Avenue, 1226 Makati City",""
8865,"Singapore","1 SIMEI STREET 4 #07-07 SIMEI GREEN CONDOMINIUM Singapore 529861",""
8868,"Singapore","11 LORONG 37 GEYLANG   Singapore 387908",""
8870,"","House #04, Road #27, Block-J Banani, Dhaka, 1213 BANGLADESH",""
8873,"Singapore","714 Jurong West Street 71 #B1-147  Singapore 640714",""
8874,"Singapore","170 Bukit Timah Road #17-03 Bukit Timah Shopping Centre Singapore 588179",""
8875,"Singapore","4 Loyang Besar Close   Singapore 509025",""
8876,"Singapore","42 Shelford Road #01-10  Singapore 288435",""
8879,"Singapore","5 Lorong 7 Geylang Road   Singapore 388789",""
8881,"","Prasingh P.O., 50205 Chiang Mai, Thailand",""
8882,"Singapore","36 Lorong 8 Geylang   Singapore 399098",""
8884,"Singapore","13 Choa Chu Kang Street 51   Singapore 689341",""
8885,"Singapore","5 Upper Boon Keng Road #02-15  Singapore 380005",""
8886,"Singapore","2 Teck Whye Lane   Singapore 688799",""
8887,"Singapore","10 MARSILING IND.EST RD 3   Singapore 739254",""
8891,"","502, 5th C Main, 5th Cross HRBR Layout, Kalyananagar, Bangalore, 560043 INDIA",""
8894,"","Shekinah 12-13-680 Nagariuna Nagar Tarnaka, Hyderabad, 500076 INDIA",""
8896,"","Rm. 306, Bencom Bldg., 146 West Ave., Philam, Quezon City",""
8899,"Singapore","177 RIVER VALLEY ROAD #05-20 LIANG COURT Singapore 179030",""
8906,"Singapore","9 Gilstead Road   Singapore 309062",""
8914,"Singapore","1 Shenton Way #06-02  Singapore 068803",""
8915,"Singapore","1 Queensway #03-09/10 Queensway Shopping Centre Singapore 149053",""
8916,"Singapore","29 PLAYFAIR ROAD #04-00 LIN HO BUILDING Singapore 367992",""
8917,"Singapore","37 JALAN PEMIMPIN #06-08 MAPEX Singapore 577177",""
8919,"Singapore","26 SIN MING LANE #06-113 MIDVIEW CITY Singapore 573971",""
8923,"Singapore","300 Pandan Gardens   Singapore 609341",""
8924,"Singapore","95 PANDAN LOOP   Singapore 126888",""
8925,"Singapore","237 ALEXANDRA ROAD #03-12 THE ALEXCIER Singapore 159929",""
8926,"Singapore","5 SHENTON WAY #07-00 UIC BUILDING Singapore 068808",""
8927,"Singapore","33 UBI AVENUE 3 #04-07 VERTEX Singapore 408868",""
8928,"Singapore","16 UBI ROAD 4 #02-02  Singapore 408624",""
8929,"Singapore","397 Bukit Batok West Avenue 8   Singapore 658964",""
8930,"Singapore","37 Chwee Chian View   Singapore 119714",""
8932,"Singapore","463 Hougang Avenue 10 #01-964  Singapore 530463",""
8934,"","Old Klang Road, 58000, Kuala Lumpur, Malaysia",""
8935,"Singapore","2 Jalan Kechot  Shinnyo-en Singapore Singapore 419231",""
8936,"Singapore","3 CHURCH STREET #16-04/05 SAMSUNG HUB Singapore 049483",""
8938,"Indonesia","Jl. P. Antasari Gang Nusa Indah No. 19
Samarinda - KALIMANTAN TIMUR",""
8941,"","#37/10 Yellappa Chetty Layout Ulsoor Road, Bangalore, 560042 INDIA",""
8942,"Singapore","5 CHANDER ROAD     Singapore 219528",""
8944,"","C/O YASHWANT CHANDULAL SONI 10 SWAMINARAYAN SUKHKAR NIRBHAY RESIDENCY AMBALI BOPAL, AHMEDABAD, 380058 INDIA",""
8945,"Singapore","9 Temasek Boulevard  31/F Suntec Tower 2 Singapore 038989",""
8946,"Singapore","2 BROADRICK ROAD   Singapore 439459",""
8947,"","Sy No.20, Jattipalya, Channenahalli 20th KM Off Magadi Road,, Bangalore, 562130 INDIA",""
8948,"Singapore","1 PARK ROAD #04-04 PEOPLE'S PARK COMPLEX Singapore 059108",""
8952,"Singapore","638 LORONG 3 GEYLANG   Singapore 389020",""
8953,"Indonesia","Perum. Griya Sumatera Jl. Melur No. 02 
Pematang Reba-Dusun Pasar Mingu
Rengat 29351 - RIAU",""
8955,"","66/43 Soi Khua Klay 1, Muban Thipnakorn, Lad Praw 80, Bangkok 10310, Thailand"," Bangkok, Mukda"
8956,"Singapore","610 GEYLANG ROAD   Singapore 389549",""
8957,"Singapore","31 Devonshire Road   Singapore 239851",""
8958,"Singapore","216 Changi Road   Singapore 419736",""
8959,"Singapore","57 CUPPAGE ROAD   Singapore 229468",""
8960,"Singapore","66 AMOY ST   Singapore 069886",""
8961,"Singapore","100 Jalan Sultan #09-10 Sultan Plaza Singapore 199001",""
8965,"Singapore","6 Windsor Park Hill   Singapore 574198",""
8967,"Singapore","300 BEDOK SOUTH AVE 3  SIGLAP COMMUNITY CENTRE Singapore 469299",""
8970,"Singapore","88 Sophia Road   Singapore 228188",""
8971,"Singapore","2 Towner Road  Central Sikh Temple Singapore 327804",""
8972,"Singapore","2 TOWNER ROAD   Singapore 327804",""
8973,"","100/14-20 Keha Klong Toey, Klong Toey, Bangkok, 10110."," Bangkok"
8978,"","Hibbard Avenue, Barangay 5, Dumaguete City, Negros Oriental",""
8979,"Singapore","616 HOUGANG AVENUE 8 #01-386  Singapore 530616",""
8980,"Singapore","116 LAVENDER STREET #04-09 PEK CHUAN BUILDING Singapore 338730",""
8981,"","AHSSI Building, Rizal Street, Silay City 6116 Negros Occidental",""
8982,"","Loyola House of Studies, Ateneo de Manila University, Loyola Heights, 1144 Quezon City",""
8986,"Indonesia","Jl.Piere Tendean No.1 Waingapu
Sumba Timur 87113 - NUSA TENGGARA TIMUR",""
8987,"Indonesia","Jl. Bosnik Raya no.5 Rt.03/3
Kel. Karang Mulia
Biak - PAPUA",""
8988,"Singapore","3A JALAN KUBOR   Singapore 199201",""
8989,"Singapore","20 Geylang Lorong 29   Singapore 388073",""
8990,"Singapore","37 NOVENA TERRACE   Singapore 307921",""
8992,"Singapore","81 Dunlop Street   Singapore 209408",""
8993,"Singapore","3 Rutland Road  Farrer Park Boxing Gymnasium Singapore 218254",""
8994,"Singapore","40 WOODLANDS STREET 41  SINGAPORE AMERICAN SCHOOL Singapore 738547",""
8995,"Singapore","40 WOODLANDS STREET 41  SINGAPORE AMERICAN SCHOOL Singapore 738547",""
8996,"Singapore","10 Simei Street 3  Simei Care Centre Singapore 529897",""
8997,"Singapore","2 SENGKANG SQUARE #05-01 SENGKANG COMMUNITY HUB Singapore 545025",""
8998,"Singapore","61 STAMFORD ROAD #02-02 STAMFORD COURT Singapore 178892",""
8999,"Singapore","10 Kampong Eunos   Singapore 417775",""
9000,"Singapore","48 Waterloo Street  Singapore Calligraphy Centre Singapore 187952",""
9001,"Singapore","1 ZUBIR SAID DRIVE #05-01  Singapore 227968",""
9002,"Singapore","10 ANSON ROAD #10-11 INTERNATIONAL PLAZA Singapore 079903",""
9003,"Singapore","69 Lorong 4 Toa Payoh #01-365 SAMH Centre Singapore 310069",""
9004,"Singapore","15 Science Centre Road  Singapore Science Centre Singapore 609081",""
9005,"Singapore","227 MOUNTBATTEN ROAD	   Singapore 397998",""
9006,"Singapore","1 Kim Seng Promenade #15-07/12 Great World City West Tower Singapore 237994",""
9007,"Singapore","16 Raffles Quay #41-07 Hong Leong Building Singapore 048581",""
9008,"Singapore","47 Toa Payoh Rise   Singapore 298104",""
9009,"Singapore","3 STADIUM DRIVE #01-33  Singapore 397630",""
9010,"Singapore","19 Jalan Gembira   Singapore 369125",""
9011,"Singapore","5 STADIUM DRIVE #02-40  Singapore 397631",""
9012,"Singapore","1 Cambridge Road   Singapore 219677",""
9013,"Singapore","1023 UPPER SERANGOON ROAD #04-01 BAPTIST CENTRE Singapore 534761",""
9014,"Singapore","3 STADIUM DRIVE   Singapore 397630",""
9015,"Singapore","371 Pasir Panjang Road   Singapore 118708",""
9016,"Singapore","9-15 ADAM ROAD  - Singapore 289886",""
9017,"Singapore","3 ANSON ROAD #07-01 SPRINGLEAF TOWER Singapore 079909",""
9018,"Singapore","131 RIFLE RANGE ROAD #04-01  Singapore 588406",""
9019,"Singapore","5 PASIR RIS DRIVE 4   Singapore 519455",""
9020,"Singapore","59 LORONG 24A GEYLANG     Singapore 398583",""
9021,"Singapore","48 Geylang Lorong 23   Singapore 388376",""
9022,"Singapore","17-19 Kim Yam Road   Singapore 239329",""
9023,"Singapore","17-19 Kim Yam Road   Singapore 239329",""
9024,"Singapore","17 Kim Yam Road   Singapore 239329",""
9025,"Singapore","1/1A Jalan Mas Puteh   Singapore 128607",""
9026,"Singapore","9 Ruby Lane   Singapore 328284",""
9027,"Singapore","105 PUNGGOL ROAD   Singapore 546636",""
9028,"Singapore","3306 Clementi Service Road  (Commonwealth Avenue West) Singapore 129583",""
9029,"Singapore","160 ROBINSON ROAD #06-01 SPORE BUSINESS FEDERATION CTR Singapore 068914",""
9030,"Singapore","71 BUKIT BATOK CRESCENT #05-04 PRESTIGE CENTRE Singapore 658071",""
9031,"Singapore","15 Enggor Street #04-01/04 Realty Centre Singapore 079716",""
9032,"Singapore","3 STADIUM DRIVE #01-33  Singapore 397630",""
9033,"Singapore","81 KIM KEAT ROAD #08-00 NKF CENTRE Singapore 328836",""
9034,"Singapore","485 BEDOK SOUTH AVENUE 2  BEDOK LUTHERAN CHURCH Singapore 469315",""
9035,"Singapore","68 LORONG 16 GEYLANG #04-05 ASSOCIATION BUILDING Singapore 398889",""
9036,"Singapore","39 Jurong West Avenue 1   Singapore 649518",""
9037,"Singapore","1 Jalan Bilal Off Bedok Road   Singapore 468854",""
9038,"Singapore","51 BISHAN STREET 13 #02-01A  Singapore 579799",""
9039,"","298 Tiong Bahru Road #09-05 Central Plaza, Singapore, 168730 SINGAPORE",""
9039,"Singapore","298 Tiong Bahru Road #09-05 Central Plaza Singapore 168730",""
9040,"Singapore","98-T Redhill Close   Singapore 158900",""
9041,"Singapore","369 Pasir Panjang Road   Singapore 118706",""
9042,"Singapore","23 Kreta Ayer Road   Singapore 088992",""
9043,"Singapore","9 JURONG TOWN HALL ROAD #04-01 JURONG TOWN HALL Singapore 609431",""
9044,"Singapore","1 STRAITS BOULEVARD  SINGAPORE CHINESE CULTURAL CTR Singapore 018906",""
9045,"Singapore","5 SENNETT ROAD  SP HOKKIEN HUAYKUAN CULTRL ACDMY Singapore 466781",""
9046,"Singapore","7 SHENTON WAY  SINGAPORE CONFERENCE HALL Singapore 068810",""
9047,"Singapore","7 SHENTON WAY #05-00 SINGAPORE CONFERENCE HALL Singapore 068810",""
9048,"Singapore","190 Middle Road #16-03 Fortune Centre Singapore 188979",""
9049,"Singapore","84 St. Francis Road   Singapore 328069",""
9050,"Singapore","19 Green Lane  John Sung Memorial Hall Singapore 438918",""
9051,"Singapore","8 LORONG 27A GEYLANG #02-03 GUILIN BLDG Singapore 388106",""
9052,"Singapore","4 LOYANG CRESCENT  LOYANG INDUSTRIAL ESTATE Singapore 508979",""
9053,"Singapore","20 SEMBAWANG CRESCENT   Singapore 757092",""
9054,"Singapore","66 TANNERY LANE #04-01  Singapore 347805",""
9055,"Singapore","640 LORONG 4 TOA PAYOH  CHUNG HWA FREE CLINIC Singapore 319522",""
9056,"Singapore","397 LORONG 2 TOA PAYOH   Singapore 319639",""
9057,"Singapore","9 TEMASEK BOULEVARD #14-01 SUNTEC TOWER TWO Singapore 038989",""
9058,"Singapore","3029A Ubi Road 3 #01-96  Singapore 408661",""
9059,"Singapore","51 BISHAN STREET 13   #01-01  Singapore 579799",""
9060,"Singapore","5 TAVISTOCK AVENUE  SERANGOON GARDEN ESTATE Singapore 555108",""
9061,"Singapore","229 MOUNTBATTEN ROAD #03-31 MOUNTBATTEN SQUARE Singapore 398007",""
9062,"Singapore","3 STADIUM DRIVE #01-33  Singapore 397630",""
9063,"Singapore","201 VICTORIA STREET #07-02/03 BUGIS+ Singapore 188067",""
9064,"Singapore","231 Bain Street #04-05 Bras Basah Complex Singapore 180231",""
9065,"Singapore","2 College Road   Singapore 169850",""
9066,"Singapore","3 STADIUM DRIVE #01-34  Singapore 397630",""
9067,"Singapore","510 UPPER JURONG ROAD  SINGAPORE DISCOVERY CENTRE Singapore 638365",""
9068,"Singapore","3 STADIUM DRIVE #01-33  Singapore 397630",""
9069,"Singapore","1 KAY SIANG ROAD #04-02  Singapore 248922",""
9070,"Singapore","149 ROCHOR ROAD #04-06 FU LU SHOU COMPLEX Singapore 188425",""
9071,"Singapore","8 LORONG 27A GEYLANG #02-04/05  Singapore 388106",""
9072,"Singapore","11 Third Hospital Avenue #07-00 SNEC Building Singapore 168751",""
9073,"Singapore","31 THIRD HOSPITAL AVENUE #03-03  Singapore 168753",""
9074,"Singapore","3 STADIUM DRIVE   Singapore 397630",""
9075,"Singapore","249 SEMBAWANG ROAD  SEMBAWANG COUNTRY CLUB Singapore 758352",""
9076,"Singapore","69 TANJONG RHU ROAD   Singapore 436902",""
9077,"Singapore","601 ANG MO KIO AVENUE 4   Singapore 569898",""
9078,"Singapore","13 CUFF ROAD   Singapore 209724",""
9079,"Singapore","24 RAFFLES PLACE #18-00 CLIFFORD CENTRE Singapore 048621",""
9080,"Singapore","3 STADIUM DRIVE #01-33  Singapore 397630",""
9081,"","9 Bishan Place, #07-01 Junction 8 (Office Tower), Singapore, 579837 SINGAPORE",""
9081,"Singapore","9 BISHAN PLACE #07-01 JUNCTION 8 (OFFICE TOWER) Singapore 579837",""
9082,"Singapore","50 EAST COAST ROAD #02-73 ROXY SQUARE Singapore 428769",""
9083,"Singapore","89 Short Street #04-19 Goldenwall Centre Singapore 188216",""
9084,"Singapore","57 ANCHORVALE ROAD #02-08  Singapore 544964",""
9085,"Singapore","1 LORONG 2 TOA PAYOH #07-00 YELLOW PAGES BUILDING Singapore 319637",""
9086,"Singapore","539 CHANGI ROAD #05-25  Singapore 419927",""
9087,"Singapore","6 TEMASEK BOULEVARD #09-05 SUNTEC TOWER FOUR Singapore 038986",""
9088,"Singapore","69 BALESTIER ROAD   Singapore 329677",""
9089,"Singapore","1 Beatty Road   Singapore 209943",""
9090,"Singapore","1 Beatty Road #04-402 SINDA Singapore 209943",""
9091,"Singapore","2 STARLIGHT ROAD   Singapore 217755",""
9092,"Singapore","1 LIANG SEAH STREET  LIANG SEAH PLACE Singapore 189022",""
9093,"Singapore","60A ORCHARD ROAD #04-03 ATRIUM @ ORCHARD, TOWER 1 Singapore 238890",""
9094,"Singapore","60A Orchard Road, Tower 1 #04-03 The Atrium @Orchard Singapore 238890",""
9095,"Singapore","461 CLEMENTI ROAD   Singapore 599491",""
9096,"Singapore","10 DOVER DRIVE   Singapore 138683",""
9097,"Singapore","15 HOE CHIANG ROAD #26-02 TOWER FIFTEEN Singapore 089316",""
9098,"Singapore","60A ORCHARD ROAD #04-01 THE ATRIUM @ ORCHARD Singapore 238890",""
9099,"Singapore","18 Jalan Yasin   Singapore 417991",""
9100,"Singapore","0 Minden Road  c/o St. George's Church Singapore 248816",""
9101,"Singapore","24/ 26 WATERLOO STREET   Singapore 187950",""
9102,"Singapore","1 GUILLEMARD CRESCENT   Singapore 399913",""
9103,"Singapore","262 BISHAN STREET 22 #B1-287  Singapore 570262",""
9104,"Singapore","61 STAMFORD ROAD #04-12 STAMFORD COURT Singapore 178892",""
9105,"Singapore","71 BUKIT TINGGI ROAD  SINGAPORE KOREAN INT'L SCHOOL Singapore 289759",""
9106,"Singapore","80 BUANGKOK VIEW   Singapore 534191",""
9107,"Singapore","144 PRINSEP STREET  LIFE CHURCH Singapore 188657",""
9108,"Singapore","21 Geylang Bahru Lane  c/o Kallang Basin Swimming Complex Singapore 339627",""
9109,"Singapore","6 BATTERY ROAD #41-00 C/O TSMP LAW CORPORATION Singapore 049909",""
9110,"","Administration Building 81 Victoria Street,  , 188065 SINGAPORE",""
9111,"Singapore","81 VICTORIA STREET   Singapore 188065",""
9112,"Singapore","120 CANTONMENT ROAD #02-01 MARITIME HOUSE Singapore 089760",""
9113,"Singapore","149 TELOK AYER STREET   Singapore 068607",""
9114,"Singapore","11 Penang Lane   Singapore 238485",""
9115,"Singapore","60B ORCHARD ROAD #06-18 ATRIUM @ ORCHARD, THE Singapore 238891",""
9116,"Singapore","518 CLEMENTI AVENUE 3  CLEMENTI SPORTS HALL Singapore 129907",""
9117,"Singapore","20 MAXWELL ROAD #05-15 MAXWELL HOUSE Singapore 069113",""
9118,"Singapore","15 Stadium Road  National Stadium c/o Singapore Sports Council Singapore 397718",""
9119,"Singapore","15 Science Centre Road  Singapore Science Centre Singapore 609081",""
9120,"Singapore","3 STADIUM DRIVE #01-34  Singapore 397630",""
9121,"Singapore","5 STADIUM WALK #04-02A LEISURE PARK KALLANG Singapore 397693",""
9122,"Singapore","104 Thomson Ridge   Singapore 307592",""
9123,"Singapore","3 STADIUM DRIVE #01-02  Singapore 397630",""
9124,"Singapore","2 College Road  Alumni Medical Centre Singapore 169850",""
9125,"Singapore","23-B COLEMAN STREET   Singapore 179807",""
9126,"Singapore","3A Holland Close #01-55  Singapore 272003",""
9127,"Singapore","1000 TOA PAYOH NORTH  NEWS CENTRE Singapore 318994",""
9128,"Singapore","1 SCOTTS ROAD #24-10 SHAW CENTRE Singapore 228208",""
9129,"","Red Cross House 15 Penang Lane, Singapore, 238486 SINGAPORE",""
9130,"Singapore","15 PENANG LANE   Singapore 238486",""
9131,"Singapore","87 Geylang East Ave 2   Singapore 389753",""
9132,"Singapore","20 MERBAU ROAD   Singapore 239035",""
9133,"Singapore","10 UBI AVE 3  TRAFFIC POLICE HEADQUARTERS Singapore 408865",""
9134,"Singapore","249 JALAN BUROH  SINGAPORE ROWING CENTRE Singapore 609832",""
9135,"Singapore","900 TIONG BAHRU ROAD  DELTA SWIMMING COMPLEX Singapore 158790",""
9136,"Singapore","1500 East Coast Parkway  National Sailing Centre Singapore 468963",""
9137,"Singapore","1 BISHAN STREET 12   Singapore 579808",""
9138,"Singapore","48 WATERLOO STREET   Singapore 187952",""
9139,"Singapore","7 BEDOK NORTH STREET 2   Singapore 469646",""
9140,"Singapore","990 OLD CHOA CHU KANG ROAD   Singapore 699814",""
9141,"Singapore","2 Towner Road   Singapore 327804",""
9142,"Singapore","7 Bedok North Street 2 #01-01 #02-01 Singapore 469646",""
9143,"Singapore","30-C St Michael's Road   Singapore 328002",""
9144,"Singapore","250 NORTH BRIDGE ROAD #24-00 RAFFLES CITY TOWER Singapore 179101",""
9145,"Singapore","10 TAMPINES STREET 81   Singapore 529014",""
9146,"Singapore","1 CHAMPIONS WAY   Singapore 737913",""
9147,"Singapore","3 STADIUM DRIVE #01-33  Singapore 397630",""
9148,"Singapore","7 STADIUM DRIVE #01-50  Singapore 397632",""
9149,"Singapore","11 EMPRESS PLACE  VICTORIA MEMORIAL HALL Singapore 179558",""
9150,"Singapore","297-C Lorong 6 Toa Payoh   Singapore 319389",""
9151,"Singapore","260A Tanjong Katong Road   Singapore 437048",""
9152,"Singapore","89 Short Street #06-11 Golden Wall Centre Singapore 188216",""
9153,"Singapore","76 Keng Lee Road   Singapore 219251",""
9154,"Singapore","46 KIM YAM ROAD #04-15 THE HERENCIA Singapore 239351",""
9155,"Singapore","60B ORCHARD ROAD #06-18 THE ATRIUM @ ORCHARD Singapore 238891",""
9156,"Singapore","100 TYRWHITT ROAD #04-02 JALAN BESAR SWIMMING COMPLEX Singapore 207542",""
9157,"Singapore","1 MARINA BOULEVARD #28-00 ONE MARINA BOULEVARD Singapore 018989",""
9158,"Singapore","45 Thomson Road   Singapore 307584",""
9159,"Singapore","50 CHIN SWEE ROAD #01-01 THONG CHAI BUILDING Singapore 169874",""
9160,"Singapore","80 RAFFLES PLACE #32-01 UOB PLAZA 1 Singapore 048624",""
9161,"Singapore","1 North Buona Vista Drive   Singapore 138675",""
9162,"Singapore","461 CLEMENTI ROAD   Singapore 599491",""
9163,"Singapore","8 SOMAPAH ROAD  SG UNI OF TECHNOLOGY AND DESIGN Singapore 487372",""
9164,"Singapore","28 SIN MING LANE #05-143 MIDVIEW CITY Singapore 573972",""
9165,"Singapore","1085 EUNOS AVENUE 7A  EUNOS INDUSTRIAL ESTATE Singapore 409535",""
9166,"Singapore","170 GHIM MOH ROAD #02-01 ULU PANDAN COMMUNITY CENTRE Singapore 279621",""
9167,"Singapore","409 Serangoon Central #01-303  Singapore 550409",""
9168,"Singapore","50 SERANGOON AVENUE 2 #04-01  Singapore 556129",""
9169,"Singapore","51 Bishan Street 13 #01-01  Singapore 579799",""
9170,"Singapore","515 WEST CAMP ROAD   Singapore 797695",""
9171,"Singapore","10 Lorong 27A Geylang #03-01 Emmanuel House Singapore 388107",""
9173,"Singapore","6 SHENTON WAY #41-01 OUE DOWNTOWN Singapore 068809",""
9174,"Singapore","80 RAFFLES PLACE #25-01 UOB PLAZA Singapore 048624",""
9175,"Singapore","31 THIRD HOSPITAL AVENUE #03-03  Singapore 168753",""
9176,"","5 Hospital Drive, Singapore, 169609 SINGAPORE",""
9179,"Singapore","141 CECIL STREET #05-00 TUNG ANN ASSOCIATION BUILDING Singapore 069541",""
9180,"Indonesia","Jl. Ekarasmi VI No.9 Medan Johor
Medan 20144 - SUMATERA UTARA",""
9181,"Singapore","99 Fidelio Street   Singapore 458470",""
9182,"Singapore","42 & 47 Koon Seng Road   Singapore 426980",""
9183,"Singapore","2 & 4 Bukit Pasoh Road   Singapore 089816",""
9184,"Singapore","21 COLLYER QUAY #10-02 HSBC BUILDING Singapore 049320",""
9188,"","Holy Spirit Missionary Sisters, Pres. Magsaysay Extension, Kasambagan, 6000 Cebu City",""
9189,"","PO Box 28 , Kluay Nam Thai Post Office, Bangkok 10115"," Bangkok"
9193,"","#41.K.R.Road, Basavanagudi, Bangalore, 560004 INDIA",""
9198,"Singapore","490 THOMSON ROAD   Singapore 298191",""
9199,"Singapore","490  THOMSON ROAD   Singapore 298191",""
9200,"Indonesia","Jl. Zambrud no. 11 Buah batu
Bandung - JAWA BARAT",""
9202,"Singapore","1 MARINA BOULEVARD #16-01 ONE MARINA BOULEVARD Singapore 018989",""
9204,"Indonesia","Jl. Noja Ayung No.3 Gatsu Timur
Denpasar 80237 - BALI",""
9206,"","Bldg. B., SM Corporate Offices, J.W. Diokno Blvd., Mall of Asia Complex, Pasay City",""
9207,"Singapore","2 COLLEGE ROAD #02-00  Singapore 169850",""
9213,"","V-11, Level - 1, Green Park Extension,, New Delhi, 110016 INDIA",""
9218,"Indonesia","Jl. Tidar 36
Magelang 56122 - JAWA TENGAH",""
9219,"Singapore","8 NEW INDUSTRIAL ROAD #05-03 LHK 3 Singapore 536200",""
9220,"Singapore","3 Yishun Street 11   Singapore 768645",""
9222,"Singapore","11 THIRD HOSPITAL AVENUE   Singapore 168751",""
9223,"Singapore","11 THIRD HOSPITAL AVENUE   Singapore 168751",""
9227,"Singapore","12 YISHUN AVENUE 5  SREE NARAYANA MISSION HOME FOR THE AGED SICK Singapore 768992",""
9229,"Singapore","1000 Toa Payoh North  News Centre Singapore 318994",""
9230,"","Head Office 88-89 Industrial Development Colony Mehrauli-Gurgaon Road, Gurgaon, 122001 INDIA",""
9234,"","Bo. Maimpis, City of San Fernando, C-2000 Pampanga",""
9235,"","Street  P.O. Box 51Street"," "
9240,"Indonesia","Jl. Hasanuddin 4
Metro 34111 - LAMPUNG",""
9241,"Singapore","71 UBI CRESCENT #08-02 EXCALIBUR CENTRE Singapore 408571",""
9244,"","Mizoram, India",""
9245,"Singapore","200 JALAN SULTAN #03-17 TEXTILE CENTRE Singapore 199018",""
9256,"Singapore","545 Orchard Road #05-12 Far East Shopping Centre Singapore 238882",""
9257,"Indonesia","Wisma Indah Vii Blok G/I No.5 Parupuk Tabing
Padang 25171 - SUMATERA BARAT",""
9258,"Singapore","28 SIN MING LANE #05-143 MIDVIEW CITY Singapore 573972",""
9259,"Singapore","71 LORONG 16 GEYLANG  CHONG DE CULTURAL BUILDING Singapore 398891",""
9264,"Singapore","28 SIN MING LANE #05-143 MIDVIEW CITY Singapore 573972",""
9269,"","52 Miami Bhulabhai Desai Road, Mumbai, 400 026 INDIA",""
9272,"","Post Box No 2697 No. 219 12th East Cross Road MKB Nagar, Chennai, 600 039 INDIA",""
9273,"Singapore","130 Hougang Avenue 1   Singapore 538900",""
9276,"Singapore","50 SUNGEI TENGAH ROAD   Singapore 699012",""
9277,"Singapore","1008 Toa Payoh North #03-08  Singapore 318996",""
9278,"Singapore","9 BISHAN PLACE #05-01 JUNCTION 8 OFFICE TOWER Singapore 579837",""
9279,"Singapore","5 Simei Street 3 #03-08 Eastpoint Green Singapore 529892",""
9280,"Singapore","8 VICTORIA PARK ROAD  KINGSMEAD HALL Singapore 266492",""
9281,"Singapore","349B Geylang Road   Singapore 389370",""
9282,"Singapore","15 Arumugam Road   Singapore 409960",""
9283,"Singapore","7A LORONG 8 TOA PAYOH #04-01 AGAPE VILLAGE Singapore 319264",""
9284,"Singapore","489 Serangoon North Avenue 1   Singapore 555891",""
9285,"","Society of the Helpers Of Mary Shraddha Vihar, Andheri West Veera Desai Road, Mumbai, 400058 INDIA",""
9286,"Singapore","10E BRADDELL HILL #20-19 BRADDELL VIEW Singapore 579724",""
9287,"","Engineers House 4th floor, 86 Bombay Samachar Marg, Mumbai, 400023 INDIA",""
9288,"Cambodia","#8, St. 468, Toul Tompung II, Phnom Penh",""
9293,"","167/9 Moo 4, Soi Mai Khao 10 , Tambon Mai Khao Amphur Talang,
    Phuket 83110, Thailand"," Phuket"
9304,"Indonesia","Jl. Dewi Sartika no.3B Rt 010/05
Gg. Sahab Cawang III
Jakarta 13630 - DKI JAKARTA",""
9305,"Indonesia","Jl. Linduboyo no.139
Klakah
Lumajang 67356 - JAWA TIMUR",""
9306,"Indonesia","Perum Diyan Kencana Graha No.2 RT.001/003 Blulukan Colomadu
Surakarta 57171 - JAWA TENGAH",""
9307,"Indonesia","Desa Mura 
Kec. Taliwang
Sumbawa - NUSA TENGGARA BARAT",""
9308,"Indonesia","Jln. Rembang No.15 Perumahan Tanah Aji Permai Mataram
Mataram 82300 - NUSA TENGGARA BARAT",""
9309,"Indonesia","Jl. Gunung Batu 5 Ciumbuleuit
Bandung 23371 - JAWA BARAT",""
9310,"Indonesia","Jl. Basuki Rahmat, Lorong Saleko II No.6
Birobuli Utara, Kec. Palu Selatan
Palu KOTA PALU - SULAWESI TENGAH",""
9311,"Indonesia","Jl Halmahera IIIB No.14 Rembige kecamatan
Selaparang
Mataram - NUSA TENGGARA BARAT",""
9312,"Indonesia","Jl. Pendidikan, Gang Melati RT 01 RW 02, Kelurahan Samapuin
Sumbawa SUMBAWA - NUSA TENGGARA BARAT",""
9313,"Indonesia","Jl. Kemuning VI No.83 RT15,RW06
Kelurahan Pejaten Timur
Jakarta 12150 KOTA JAKARTA SELATAN - DKI JAKARTA",""
9314,"Indonesia","Jl. Ahmad Yani, Lrg Sinar Surya No. 22 Kelurahan Anaiwoi, Kec. Kadia
Kendari KOTA KENDARI - SULAWESI TENGGARA",""
9315,"Indonesia","Jl. Godean km 6,5 Cokrobedog Rt 06/12 Sidoarum, Godean
Sleman 55564 - DI YOGYAKARTA",""
9316,"Indonesia","Jl. Kapten A RivaiLr. Batu Karang No.34 RT 27/08 26 Ilir
Palembang KOTA PALEMBANG - SUMATERA SELATAN",""
9317,"Indonesia","Jl. Abe Waena Padang Bulan
Jayapura - PAPUA",""
9318,"Indonesia","Jl. Diponegoro no.133 Borokus
Biak - PAPUA",""
9319,"Indonesia","Jl. Mesjid No.3nLingkungan X Tualang
Deli Serdang - SUMATERA UTARA",""
9320,"Indonesia","Jl. Tengku Umar Gg. Kelelawar No. 53 (samping pasar koga)
Bandar Lampung KOTA BANDAR LAMPUNG - LAMPUNG",""
9321,"Indonesia","Jl. R.Wolter Mongisidi No. 03, Kelurahan Bonesompe
Kecamatan Poso Kota Utara
Poso 94611 POSO - SULAWESI TENGAH",""
9322,"Indonesia","Jl. Srikaya No.14 RT 01/RW 04 Karangasem Laweyan
Solo 57145 - JAWA TENGAH",""
9323,"Indonesia","Jl. Siaga II No.36
Pejaten Pasar Minggu
Jakarta Selatan 12750 - DKI JAKARTA",""
9324,"Indonesia","Jl. Paseh Cigaraja I No.09
Tasikmalaya 46115 - JAWA BARAT",""
9326,"Indonesia","Jl. Babar Layar 25 Danuksuman
Solo 57156 - JAWA TENGAH",""
9331,"Indonesia","Jl. Senayan Bawah No.17 Kebayoran Baru
Jakarta 12180 KOTA JAKARTA SELATAN - DKI JAKARTA",""
9333,"Singapore","17T LIMAU GARDEN   Singapore 466318",""
9340,"Singapore","4 BATTERY ROAD #25-01 BANK OF CHINA BUILDING Singapore 049908",""
9341,"Singapore","70 BARKER ROAD #4-2  Singapore 309936",""
9342,"Singapore","5A Choa Chu Kang St 51   Singapore 689339",""
9343,"Singapore","9 Choa Chu Kang Street 51   Singapore 689341",""
9344,"Singapore","42 Senang Crescent   Singapore 416610",""
9345,"Singapore","19 YISHUN AVE 9   Singapore 768891",""
9346,"Singapore","19 LORONG 29 GEYLANG   Singapore 388070",""
9348,"","No.8,  room 104, Sukhumvit 49 Rd, Klongtonnua, Wattana"," Bangkok"
9349,"","150/10 Chareonrajd Road, Watgate, Muang, Chiang Mai 50000"," Chiang Mai"
9350,"Cambodia","#65, St. 468, Toul Tompung, Phnom Penh",""
9351,"Singapore","1 AYER RAJAH AVENUE   Singapore 138676",""
9352,"","18 M.3, Soi Boonsiri Sukumvit Road, Meuang, 10270 THAILAND",""
9353,"Indonesia","Jl. Sari Endah No. 9
Bandung 40152 - JAWA BARAT",""
9356,"","Plot #4, Block C-1 Nelson Mandela Marg, Vasant Kunj, New Delhi, 110070 INDIA",""
9359,"","383 Sukhumvit Rd, Bang Pu, Samut Prakan
    10280"," Samut Prakarn"
9360,"Singapore","22 PASIR RIS FARMWAY 2 #C-13/14  Singapore 519325",""
9361,"Indonesia","Jl. Nias III/3 Ngemplak Sari Rejosari
Solo 57134 - JAWA TENGAH",""
9362,"Indonesia","Jl. Gereja 299 Adipala
Cilacap 53271 - JAWA TENGAH",""
9367,"Singapore","500 UPPER BUKIT TIMAH ROAD  LEE KUO CHUAN OLD PEOPLES HOME Singapore 678106",""
9368,"Indonesia","Jl. Aman I No.20 Teladan
Medan KOTA MEDAN - SUMATERA UTARA",""
9375,"Singapore","5 DELTA AVENUE #01-09 DELTA AVENUE ESTATE Singapore 160005",""
9388,"Singapore","77 ROBINSON ROAD #16-00 ROBINSON 77 Singapore 068896",""
9394,"","5/2031 Soi 20/1 Moo Baan Prachachuen, Samakee Road, Bangkok"," Bangkok"
9395,"","31, 5th Cross, 5th Main Road Indiranagar I Stage, Bangalore, 560038 INDIA",""
9398,"","Jalan Jeti Jelutong, 11600, Penang",""
9401,"Singapore","2 PENG NGUAN STREET	  SPD ABILITY CENTRE Singapore 168955",""
9403,"","365 Moo 2, T.Tonthong, A.Muang, Lamphun 51000"," Lamphun, Thail"
9405,"Singapore","298 TIONG BAHRU ROAD #10-01 CENTRAL PLAZA Singapore 168730",""
9407,"Singapore","354 TANGLIN ROAD #01-11/12 TANGLIN INTERNATIONAL CENTRE Singapore 247672",""
9408,"","Blk 2 St. George's Road #01-65, Singapore, 322002 SINGAPORE",""
9409,"Singapore","2 St. George's Road #01-65  Singapore 322002",""
9413,"Singapore","1 WOODLANDS DRIVE 64  SPECTRA SECONDARY SCHOOL Singapore 737758",""
9416,"Indonesia","Jl. Abd. Dg. Sirua No. 212
Makassar - SULAWESI SELATAN",""
9420,"Singapore","1003 BUKIT MERAH CENTRAL #02-10  Singapore 159836",""
9422,"Singapore","109 SEMBAWANG ROAD   Singapore 779105",""
9428,"Singapore","140 Hill Street #01-01A  Singapore 179369",""
9429,"Singapore","297 LORONG 6 TOA PAYOH - 17 TOA PAYOH ATHLETIC CENTRE Singapore 319389",""
9434,"Singapore","17 JALAN RAJAWALI #03-03 PATENT PLACE Singapore 598434",""
9442,"","St. Scholastica's College, 2560 Leon Guinto Street, Malate, Manila",""
9443,"Singapore","132 Owen Road   Singapore 218935",""
9444,"","#1, Temple Road NGEF Layout Sadanandanagar, Bangalore, 560038 INDIA",""
9445,"Singapore","67 MACPHERSON ROAD   Singapore 348472",""
9446,"Singapore","251 YISHUN AVENUE 3   Singapore 769061",""
9447,"Singapore","12 Yishun Avenue 5   Singapore 768992",""
9448,"Singapore","51 Changi Village Road   Singapore 509908",""
9449,"Singapore","25 SUNGEI KADUT AVENUE   Singapore 729679",""
9451,"Singapore","17 Wilkinson Road   Singapore 436673",""
9452,"Singapore","90/92 Wilkie Road   Singapore 228086",""
9453,"Singapore","9 Norris Road   Singapore 208252",""
9454,"Singapore","9 LORONG 29 GEYLANG #03-02  Singapore 388065",""
9455,"Singapore","152 WATERLOO STREET  Sri Krishnan Temple Singapore 187961",""
9460,"Singapore","226 KALLANG ROAD  SRI MANMATHA KARUNESHVARAR TEMPLE Singapore 339096",""
9461,"Singapore","100 Depot Road  Telok Blangah New Town Singapore 109670",""
9462,"Singapore","50 BUKIT BATOK STREET 23 #02-23 MIDVIEW BUILDING Singapore 659578",""
9463,"Singapore","11A JALAN SENI  CAPITOL PARK Singapore 299012",""
9464,"Singapore","5 PILLAI ROAD   Singapore 535884",""
9465,"Singapore","133 Moulmein Road   Singapore 308083",""
9466,"Singapore","19 CEYLON ROAD   Singapore 429613",""
9467,"Singapore","8 Potong Pasir Avenue 2   Singapore 358362",""
9468,"Singapore","31 MARSILING RISE   Singapore 739127",""
9469,"","3rd Floor, Sri Sri College of Ayurvedic Science and Research Sri Sri Ravishankar Educational Campus, 21st Km Kanakapura Main Road Udayapura P.O., Bangalore, 560082 INDIA",""
9470,"Singapore","555 SERANGOON ROAD   Singapore 218174",""
9471,"Singapore","141  serangoon road   Singapore 218042",""
9472,"Singapore","1 Champions Way   Singapore 737913",""
9474,"Singapore","1 FRANCIS THOMAS DRIVE #01-01 DIOCESAN CENTRE BUILDING Singapore 359340",""
9475,"Singapore","341 CLEMENTI AVE 5 #1-148  Singapore 120341",""
9476,"Singapore","143 VICTORIA STREET   Singapore 188020",""
9478,"Singapore","70 BARKER ROAD   Singapore 309936",""
9479,"Singapore","1 COLEMAN STREET #05-06A THE ADELPHI Singapore 179803",""
9482,"Singapore","6 BATTERY ROAD #41-00  Singapore 049909",""
9484,"Singapore","50 KALLANG PUDDING ROAD #07-02 GOLDEN WHEEL INDUSTRIAL BUILDING Singapore 349326",""
9485,"Singapore","2 BUKIT BATOK STREET 11   Singapore 659674",""
9486,"Singapore","2 Bukit Batok Street 11   Singapore 659674",""
9489,"","4, Jalan Bagan Jermal, 10250, Penang",""
9492,"","1/1 soi Kiri, HuaePong, Rayong 21150"," Rayong"
9495,"Singapore","111 AMOY STREET #03-00  Singapore 069931",""
9497,"Singapore","10 JALAN BATU #01-06  Singapore 431010",""
9499,"Singapore","420 Beach Road   Singapore 199582",""
9500,"Singapore","69 Wan Tho Avenue Sennett Estate   Singapore 347601",""
9501,"","Capitol Subdivision, Hilado Extension, Bacolod City, 6100 Negros Occidental",""
9502,"","14 Bauhinia Drive, Banilad, Cebu City / GF Smithbell Bldg., Chino Roces Ave. Extn. Makati City",""
9503,"","Sampaguita St., Villamonte, Bacolod City",""
9504,"","No 26, Lane 6, Puding Road, Hsinchu, 30072 TAIWAN",""
9505,"","52-K & 52-R Penang Road, Penang, 10000 MALAYSIA",""
9506,"Singapore","490 THOMSON ROAD   Singapore 298191",""
9507,"Singapore","21 BISHAN STREET 14  ST. JOSEPH'S INSTITUTION Singapore 579781",""
9508,"Singapore","490 THOMSON ROAD   Singapore 298191",""
9509,"","8/F St. Luke's College of Medicine, 279 E. Rodriguez Ave., Brgy. Kalusugan, Quezon City",""
9514,"","931 Estrada Street, Malate 1004 Manila",""
9515,"","Bishop's House PO Jalpaiguri Dist. Jalpaiguri, Town Jalpaiguri, 735101 INDIA",""
9516,"Singapore","650 Yio Chu Kang Road   Singapore 787075",""
9533,"","Blk 163, Ang Mo Kio Ave 4, #01-448, Singapore, 560163 SINGAPORE",""
9543,"","/F Makati Stock Exchange Building, Ayala Triangle, Ayala Avenue, Makati City",""
9547,"","328/1/ Phayathai Road Ratchatewi, Bangkok, 10400 THAILAND",""
9552,"Indonesia","Jl. Otista No. 278A Tarogong
Garut 44151 - JAWA BARAT",""
9553,"","Yangon, Yangon Region, Myanmar (Burma)",""
9554,"Indonesia","Jl Anggrek VI No.5 RT 011 RW 03, Pesanggrahan
Jakarta 12330 - DKI JAKARTA",""
9560,"Indonesia","Jalan Bendungan Hilir Gang 10 No. 16
Jakarta","Jakarta"
9561,"Singapore","9 RAFFLES PLACE #51-01 REPUBLIC PLAZA Singapore 048619",""
9562,"Indonesia","Jl. Gamelan Lor 15 Rt 20/06 Kel. Panembahan Kec. Kraton
Yogyakarta - DI YOGYAKARTA",""
9573,"Cambodia","Kratie",""
9574,"Singapore","1 MARINA BOULEVARD #28-00 ONE MARINA BOULEVARD Singapore 018989",""
9575,"Singapore","365 CLEMENTI AVENUE 2 #01-503 CLEMENTI SPRING Singapore 120365",""
9576,"Singapore","56 LORONG 23 GEYLANG #03-00 CENTURY-TECHNOLOGY BUILDING Singapore 388381",""
9578,"Singapore","113 Somerset Road #01-02 InQBuzz National Youth Centre Singapore 238165",""
9583,"Indonesia","Jl. Kutisari IV no.36
Surabaya 60291 - JAWA TIMUR",""
9584,"Indonesia","Jl. R.W. Monginsidi II/B-15
Pasuruan 67116 - JAWA TIMUR",""
9585,"Indonesia","Jl. Puspowarno Tengah III/29
Semarang 50143 - JAWA TENGAH",""
9586,"Indonesia","Jl. Ancol Timur XIV No.16
Bandung - JAWA BARAT",""
9589,"Indonesia","Dusun Pasir, Kampung Mendale Kecamatan Kebayakan
Takengon ACEH TENGAH - ACEH",""
9590,"Indonesia","Jl. Kayu Manis Barat no.77
Jakarta 13130 - DKI JAKARTA",""
9591,"Indonesia","Jl.Mesjid no.30C
Cunda
Lhokseumawe 2435 - ACEH",""
9592,"Indonesia","Jl. Gunung Jaya Permai no.4
Cisaat
Sukabumi - JAWA BARAT",""
9593,"Indonesia","Jl. Munginsidi gang III No. 32
Bojonegoro 62115 BOJONEGORO - JAWA TIMUR",""
9600,"","Sacred Heart Parish Church, #242 D. Jakosalem Street, Cebu City",""
9602,"","15 G.R. Layout, Cholanayakanahalli (Near Rajiv Gandhi Dental College) R.T. Nagar, Bangalore, 560032 INDIA",""
9603,"Singapore","8 Lorong 27A Geylang #04-04 Guilin Building Singapore 388106",""
9604,"Indonesia","Jl. Shalihin No.13 Ulee Karang
Banda Aceh 23372 - ACEH",""
9608,"Indonesia","Jl. Prof. M. Yamin No. 6 Simpang Pulai 
Kelurahan Payo Lebar. Kecamatan Jelutung Jambi
Jambi","Jambi"
9611,"Indonesia","Jl. Raya Desa Turi
Kec. Turi
Lamongan 62252 - JAWA TIMUR
Ph. , 0322-324471, 021- 7901588 Fax. , 0322-324471, 021-7901588",""
9613,"Singapore","12 TAI GIN ROAD  SUN YAT SEN NANYANG MEM HALL Singapore 327874",""
9614,"Singapore","213 CHOA CHU KANG CENTRAL #01-110  Singapore 680213",""
9616,"Singapore","70 BUANGKOK VIEW   Singapore 534190",""
9625,"Singapore","5 Sembawang Walk   Singapore 757717",""
9630,"","181/208 Moo 3, Potaram Road, Chotananivade
    Village 2, Soi 6, Chang Peuk Sub-district, Muang district, Chiang Mai 50300."," Chiang Mai"
9633,"","6F Mizuho Bldg. 2-12-2 Kamiosaki, Shinagawa-ku, Tokyo, 1410021 JAPAN",""
9641,"Indonesia","Jl. Jenengan Raya No.109, Maguwoharjo, Depok
Sleman 55282 - DI YOGYAKARTA",""
9658,"Indonesia","Jl. Indrakila No. 19
Kebumen - JAWA TENGAH",""
9659,"","CA No. 5A 3rd Cross, Banashankari I Stage, II Block, Bangalore, 560 050 INDIA",""
9660,"","Vivekananda Nagara Tumkur Road, Pavagada, 561202 INDIA",""
9661,"","CA-2, KIADB Industrial Housing Area, Ring Road, Hebba, Mysore, 570016 INDIA",""
9662,"Indonesia","Pontianak 78117 - KALIMANTAN BARAT",""
9663,"","Bahan, Yangon, Yangon Region, Myanmar",""
9664,"Indonesia","Gedung ABA Lt 3
Jl. Cikini Raya No.64 Kel. Cikini Kec. Menteng
Jakarta - DKI JAKARTA",""
9670,"Singapore","46 ANG MO KIO STREET 61 #1-1 SWEE KOW KUAN TEMPLE Singapore 569161",""
9672,"Indonesia","The Vida Building, 5th floor 
Jl. Raya Perjuangan No. 8, Kebon Jeruk
Jakarta 11530 KOTA JAKARTA BARAT - DKI JAKARTA",""
9673,"Singapore","38 SWISS CLUB ROAD  SWISS SCHOOL Singapore 288140",""
9677,"Singapore","1 RAFFLES LINK #03-01 ONE RAFFLES LINK Singapore 039393",""
9683,"Singapore","16 UBI ROAD 4 #02-01  Singapore 408624",""
9684,"Singapore","146-D Paya Lebar Road   Singapore 409041",""
9686,"Singapore","90 GOODMAN ROAD #01-51 GOODMAN ARTS CENTRE Singapore 439053",""
9688,"Singapore","80 RAFFLES PLACE #32-01 UOB PLAZA 1 Singapore 048624",""
9689,"Singapore","694 UPPER CHANGI ROAD EAST   Singapore 486824",""
9690,"Singapore","3 YISHUN STREET 11 #02-00  Singapore 768645",""
9691,"Singapore","30 Lorong 27 Geylang #06-01 Citiraya Centre Singapore 388164",""
9692,"Singapore","30 LORONG 27 GEYLANG #06-01/02 CITIRAYA CENTRE Singapore 388164",""
9693,"Singapore","205 HENDERSON ROAD #07-01 HENDERSON INDUSTRIAL PARK Singapore 159549",""
9695,"Singapore","845 Geylang Road #04-10 Tanjong Katong Complex Singapore 400845",""
9705,"Singapore","86 LOR K TELOK KURAU   Singapore 425720",""
9707,"Singapore","2 Lavender Street   Singapore 338709",""
9708,"Singapore","7 JALAN KEMAMAN   Singapore 329333",""
9709,"Singapore","10 Jalan Ampas   Singapore 329510",""
9710,"Singapore","7 Jalan Kemaman   Singapore 329333",""
9711,"Singapore","140 YIO CHU KANG ROAD   Singapore 545587",""
9712,"Singapore","85A SILAT ROAD   Singapore 168851",""
9718,"Singapore","92 AMOY STREET #02-01  Singapore 069911",""
9720,"Singapore","672 Jalan Damai #01-25 Taman Bacaan Family Service Ce Singapore 470672",""
9721,"Singapore","1 YUNG SHENG ROAD  TAMAN JURONG COMMUNITY CLUB Singapore 618495",""
9722,"","Tamana - Nai Disha C - 10/8, Vasant Vihar, New Delhi, 110057 INDIA",""
9725,"Singapore","8 SHORT STREET   Singapore 188214",""
9726,"","Ellora Apartments Flat No. 4D, Fourth Street No. 20 Thirumurthy Street, T. Nagar, Chennai, 600017 INDIA",""
9728,"Singapore","120 Tampines Street 11 #02-294  Singapore 521120",""
9729,"Singapore","866A TAMPINES STREET 83 #02-01  Singapore 521866",""
9730,"Singapore","13 TAMPINES ST 11 #01-01 TAMPINES CHANGKAT CC Singapore 529453",""
9731,"Singapore","25 Tampines Street 21   Singapore 529394",""
9732,"Singapore","10 TAMPINES ST 23  Tampines East Community Club Singapore 529341",""
9733,"Singapore","2 TAMPINES STREET 41 #01-01  Singapore 529204",""
9734,"Singapore","5 TAMPINES AVENUE 3 #1-2  Singapore 529705",""
9735,"Singapore","21 COLLYER QUAY #16-1 HSBC BUILDING Singapore 049320",""
9736,"Singapore","3 PHILLIP STREET #10-03 ROYAL GROUP BUILDING Singapore 048693",""
9737,"Singapore","21 COLLYER QUAY #19-01 HSBC BUILDING Singapore 049320",""
9738,"Singapore","43 BUKIT PASOH ROAD #01-00  Singapore 089856",""
9739,"Singapore","43 BUKIT PASOH ROAD #01-00  Singapore 089856",""
9740,"Singapore","512 THOMSON ROAD #11-0 MIN OF COMMUNITY DEVELOPMENT Singapore 298136",""
9741,"Singapore","3 PHILLIP STREET #10-02 ROYAL GROUP BUILDING Singapore 048693",""
9742,"Singapore","23 TAI THONG CRESCENT  SENNETT ESTATE Singapore 347855",""
9743,"","7th Floor Allied Bank Center, 6754 Ayala Avenue, Makati City",""
9745,"Indonesia","Jl. MT. Haryono 16
Ponorogo - JAWA TIMUR",""
9747,"Singapore","6 Bukit Purmei   Singapore 099866",""
9748,"Singapore","545 ORCHARD ROAD #15-10 FAR EAST SHOPPING CENTRE Singapore 238882",""
9749,"","Rm. M02 CRM III Bldg., 106 Kamias Road, Quezon City",""
9750,"Singapore","95 PORTSDOWN ROAD  TANGLIN INFANT AND JUNIOR SCHOOL Singapore 139299",""
9751,"Singapore","95 PORTSDOWN ROAD  TANGLIN INFANT AND JUNIOR SCHOOL Singapore 139299",""
9752,"Singapore","101 CANTONMENT ROAD #01-01 TANJONG PAGR COMMUNITY CLUB Singapore 089774",""
9753,"Singapore","80 RAFFLES PLACE #50-01 UOB PLAZA Singapore 048624",""
9754,"","191 Katipunan Avenue, Brgy.  Bayanihan, Quezon City",""
9759,"Singapore","2 Teck Whye Lane   Singapore 688799",""
9761,"Singapore","2 JURONG WEST STREET 76   Singapore 648370",""
9762,"Singapore","21 Bedok North Avenue 4   Singapore 489948",""
9766,"Singapore","12A/B/C TRENGGANU STREET   Singapore 058466",""
9767,"Singapore","1 YUNG SHENG ROAD #03-06 JURONG TOWN COMMUNITY CLUB Singapore 618495",""
9774,"Singapore","150 CECIL STREET #16-00  Singapore 069543",""
9776,"","1050 Satarnpayabarn Rd., Muang District,
    Chiang Rai 57000"," Chiang Rai"
9782,"","10 Soi La Salle 56, Sukhumvit Rd., Bangna, Bangkok, 10250 THAILAND",""
9784,"","Unit 201 Asia Tower Condominium, Benavidez corner Paseo de Roxas Sts., Makati City",""
9786,"","Godrej One, Second Floor Pirojshanagar, Eastern Express Highway, Vikhroli East, Mumbai, 400 050 INDIA",""
9788,"","25/F W Fifth Avenue Building, 5th Avenue, Bonifacio Global City, Taguig City, 1634",""
9795,"Singapore","182 Cecil Street  #01-08/10/11 Telok Ayer Performing Arts Centre Singapore 069547",""
9796,"Singapore","182 CECIL STREET #01-10 TELOK AYER PERFORMING ART CENTRE Singapore 069547",""
9797,"Singapore","126 CAIRNHILL ROAD  CAIRNHILL ARTS CENTRE Singapore 229707",""
9801,"Singapore","861 ANG MO KIO AVE 10   Singapore 569734",""
9802,"Singapore","861 ANG MO KIO AVENUE 10  TECK GHEE COMMUNITY CENTRE Singapore 569734",""
9803,"Singapore","735 OLD CHOA CHU KANG ROAD  TEEN CHALLENGE CENTRE Singapore 699798",""
9805,"Singapore","735 CHOA CHU KANG ROAD  TEEN CHALLENGE CENTRE Singapore 699798",""
9813,"Singapore","235 Telok Ayer Street   Singapore 068656",""
9814,"Singapore","450 TELOK BLANGAH ST 31   Singapore 108943",""
9815,"Singapore","8 Short Street  Tamil Methodist Church Singapore 188214",""
9817,"Singapore","60B ORCHARD ROAD #06-18 THE ATRIUM @ ORCHARD Singapore 238891",""
9818,"Singapore","60B ORCHARD ROAD #06-18 THE ATRIUM @ ORCHARD Singapore 238891",""
9819,"Singapore","60B ORCHARD ROAD #06-18 THE ATRIUM @ ORCHARD Singapore 238891",""
9820,"Singapore","60B ORCHARD ROAD #06-18 THE ATRIUM @ ORCHARD Singapore 238891",""
9821,"Singapore","60B ORCHARD ROAD #06-18 THE ATRIUM @ ORCHARD Singapore 238891",""
9826,"Indonesia","Jl. Parangtritis Km 8.4
Tembi, Timbulharjo, Sewon
Bantul 55188 - DI YOGYAKARTA",""
9827,"Singapore","28 TEMENGGONG ROAD   Singapore 098775",""
9829,"Singapore","101 TELOK BLANGAH STREET 31   Singapore 108946",""
9832,"Singapore","2 & 4  BUKIT PASOH ROAD  SIONG LENG MUSICAL ASSOCIATION Singapore 089816",""
9833,"Singapore","10 Anson Road #25-10/11 International Plaza Singapore 079903",""
9834,"Singapore","1034 Upper Serangoon Road   Singapore 534797",""
9836,"Singapore","362 Yishun Avenue 3   Singapore 769060",""
9840,"Indonesia","Jl.Getsemani No.7E
Sengkan, JAKAL KM 7
Yogyakarta 55283 - DI YOGYAKARTA",""
9847,"Singapore","47 HONGKONG STREET  TET BUILDING Singapore 059685",""
9851,"Singapore","20 HAVELOCK ROAD #01-01 CENTRAL SQUARE Singapore 059765",""
9855,"","11 Moo 12 , Charan Sanitwong 35, Bang Phrom,
    Taling Chan, Bangkok 10170"," Bangkok"
9859,"","124 North End House, Fitzjames Avenue, London W14 0RZ, UK"," London"
9861,"","242 Soi Akharn Songkroh, Akhan Songkroh Sai 15 Road, Thung Wat Don, Sathorn, Bangkok, 10120"," "
9865,"","2nd Floor Physical Therapy, Srithanya
    Hospital"," Nonthaburi"
9868,"","16 Moo 5, T. Sa-nga-baan, A. Doi Saket,
    Chiang Mai 50220, Thailand"," Chiang Mai"
9877,"","B.L.H. Bldg. 9th floor, No. 7/1, Wireless Road, Lumpini, Patumwan,Bangkok 10330"," Bangkok"
9882,"","PO Box 287Chiang Mai University, 56/80, Soi 3 Kum Korn Ping Village,
    Chiang Mai 50202, Thailand"," Chiang Mai"
9893,"Singapore","100 BUKIT TIMAH ROAD #06 KK WOMEN'S AND CHILDREN'S HOSPITAL Singapore 229899",""
9898,"","No information (in Thailand)"," Chiang Mai"
9900,"Singapore","132 MARGARET DRIVE  GOLDEN CITY THEATRE BUILDING Singapore 149301",""
9902,"Singapore","51 WATERLOO STREET #02-04  Singapore 187969",""
9904,"","178/95 World Club Land Soi 2, Moo 7, T. Nongkwai, A.Hangdong, Chiang Mai,
    Thailand 50230"," Chiang Mai"
9913,"","Voltas House C T. B. Kadam Marg Chinchpokli, Mumbai, 400 033 INDIA",""
9918,"","A. Soriano Aviation Hangar, Andrews Ave., 1300 Pasay City",""
9920,"Singapore","61 JALAN HITAM MANIS   Singapore 278475",""
9929,"Singapore","126 CAIRNHILL ROAD #01-07/09 CAIRNHILL ART CENTRE Singapore 229707",""
9930,"","Q. House Convent Bldg., Floor 6D, 38 Convent Road, Silom, Bangkok 10500,
    Thailand"," Bangkok"
9931,"Indonesia","Po Box 6793 JKSRB
Jakarta 12067 KOTA JAKARTA SELATAN - DKI JAKARTA",""
9932,"Singapore","165 YIO CHU KANG ROAD   Singapore 545617",""
9936,"","6th Cross, Hutchins Road, Lingarajapuram Off Hennur Main Road, St Thomas Town Post, Bangalore, 560084 INDIA",""
9940,"Indonesia","Jl. Ake Oti, Tanah Tinggi Barat
Ternate - MALUKU UTARA",""
9941,"Indonesia","Jl. Siligita 22 Bali","Nusa Dua"
9942,"","6th Main Road Mogapair Eri Scheme Mogapair West, Chennai, 600037 INDIA",""
9946,"","Cecilia Araneta Parkway, Bi�an, Laguna",""
9948,"","697 15th Cross Rd JP Nagar II Phase, Bangalore, 560078 INDIA",""
9949,"","900/29, Rama 3 Road, Bangpongpang, Yannawa,
    Bangkok 10120"," Bangkok"
9958,"","12/5 Convent Alley Bang Rak Bangkok 10500 Thailand",""
9960,"Singapore","38 AMBER ROAD #16-01 38 AMBER Singapore 439877",""
9962,"Singapore","33A KRETA AYER ROAD   Singapore 088999",""
9963,"","23, Oasis, Nehru Road Vakola, Mumbai, 400 055 INDIA",""
9968,"Indonesia","Potrowanen RT 04 / RW 02
Donohudan, Ngemplak
Boyolali 5 57375 - JAWA TENGAH",""
9974,"","6th Floor S & L Building, dela Rosa cor. Esteban Streets, Leagspi Village, Makati City",""
9976,"","4th Floor Royal Golden Jubilee Building 2 Soi Soonvijai, Retcaburi, Bangkapi Bangkok, Bankor, 10320 THAILAND",""
9983,"","185/16 Soi Charan Sanitwong 12 , Charan
    Sanitwong Road, Wat Than Phra, Bangkok Yai district, Bangkok 10600"," Bangkok"
9991,"","Bangkapi, Bangkok 10240"," Bangkok"
9993,"Singapore","80 RAFFLES PLACE #25-01 UOB PLAZA Singapore 048624",""
9994,"Singapore","605B MACPHERSON ROAD #08-16/17  Singapore 368241",""
9995,"Singapore","1 DERBYSHIRE ROAD   Singapore 309457",""
9996,"Singapore","253 BUKIT TIMAH ROAD  CHURCH OF JESUS CHRIST (LDS) Singapore 259690",""
9998,"","Plot No. 20, Sector 14, Korangi Industrial Zone, Karachi, 75530 PAKISTAN",""
9999,"Singapore","62 CECIL STREET #05-00 TPI BUILDING Singapore 049710",""
10009,"Singapore","6 EU TONG SEN STREET #04-88 THE CENTRAL Singapore 059817",""
10010,"Singapore","1 HAVELOCK SQUARE #01-00 STATE COURTS Singapore 059724",""
10011,"Singapore","16 COLLEGE ROAD  COLLEGE OF MEDICINE BUILDING Singapore 169854",""
10012,"","303/2 L B Shastri Nagar Vimanapura Post, Bangalore, 560017 INDIA",""
10016,"Indonesia","Jl. Danau Tamblingan No.78 Sanur
Bali 80228 - BALI",""
10017,"Singapore","3 FUSIONOPOLIS LINK #03-08 NEXUS @ONE-NORTH Singapore 138543",""
10020,"Singapore","239 LORONG 1 TOA PAYOH #21-100  Singapore 310239",""
10021,"Singapore","50 RAFFLES PLACE #06-00 SINGAPORE LAND TOWER Singapore 048623",""
10023,"Singapore","11 Kent Ridge Drive #03-01 Shaw Foundation Alumni House Singapore 119244",""
10028,"","29 Chiyapluek Building, Wisuthikasat Road, K. Bangkunplom, Bangkok 10200"," Bangkok"
10036,"","50, Kasetsart University Alumni Building 3rd Floor, Phaholyothin Road, Jatujak, 10900 THAILAND",""
10036,"","The Education for Development Foundation (EDF)"," Bangkok"
10042,"Singapore","3 ANSON ROAD #27-1 SPRINGLEAF TOWER Singapore 079909",""
10043,"","Bdarbari Seth Block Habitat Place Lodhi Road, New Delhi, 110 003 INDIA",""
10047,"Singapore","1 ESPLANADE DRIVE  ESPLANADE - THEATRES ON THE BAY Singapore 038981",""
10051,"","2nd Floor, Centro Oftalmologico Jose Rizal Bdlg., UP-PGH, Taft Avenue, Manila",""
10055,"Singapore","126 CAIRNHILL ROAD #03-01/02 ONE-TWO-SIX CAIRNHILL ARTS CENTRE Singapore 229707",""
10056,"Singapore","39 KEPPEL ROAD #01-02/04 TANJONG PAGAR DISTRIPARK Singapore 089065",""
10061,"","Rm. 202 Alexander House, 132 Amorsolo St., Legaspi Village, Makati City",""
10066,"","Level 2 61 Dunning Ave, Rosebery, 2018 AUSTRALIA",""
10069,"Singapore","10 MARINA BOULEVARD #13-01/02 MARINA BAY FINANCIAL CENTRE Singapore 018983",""
10076,"Singapore","1 VALLEY ROAD  GLAD TIDINGS CHURCH Singapore 534449",""
10082,"Singapore","108 ROBINSON ROAD #09-01 FINEXIS BUILDING Singapore 068900",""
10093,"Singapore","90 GOODMAN ROAD #01-40 GOODMAN ARTS CENTRE Singapore 439053",""
10094,"Singapore","1 RAFFLES PLACE #13-01 ONE RAFFLES PLACE Singapore 048616",""
10095,"Indonesia","Jl. Kemang Selatan No. 98
Jakarta Selatan 12560 - DKI JAKARTA",""
10096,"Singapore","146 ROBINSON ROAD #07-01  Singapore 068909",""
10100,"Singapore","1 MARINA BOULEVARD #28-00 ONE MARINA BOULEVARD Singapore 018989",""
10105,"","Moulmein, Burma",""
10106,"Singapore","1 TUAS AVENUE 10   Singapore 639125",""
10110,"Singapore","5 SENNETT ROAD  SP HOKKIEN HUAYKUAN CULTRL ACDMY Singapore 466781",""
10112,"","19/7 Moo 7 Huayang,Tabsake, Prachuap Khiri Khan,
    Thailand Volunteers:"," Prachaub Kiri "
10113,"","100 / 11 Kae-ha Klong Toey 4, Klong
    Toey, Bangkok 10110, Thailand"," Bangkok"
10117,"Indonesia","Jalan Tebet Dalam IV J No. 5B
Tebet
Jakarta 12810 KOTA JAKARTA SELATAN - DKI JAKARTA",""
10118,"Indonesia","Gedung Pakarti Center Lt. 7 
Jl. Tanah Abang 3 No. 23-27
Jakarta 10160 - DKI JAKARTA",""
10119,"","Floor 6, 28/61 Phaya Thai Road, Ratchathewee, Bangkok 10400"," Bangkok"
10121,"Singapore","10 SHENTON WAY #13-07/08 MAS BUILDING Singapore 079117",""
10123,"Indonesia","Jl.Tebet Timur Dalam V1 C No. 17
Jakarta Pusat 12820 - DKI JAKARTA",""
10125,"Singapore","9 RAFFLES PLACE #51-01 REPUBLIC PLAZA Singapore 048619",""
10127,"Singapore","190 MIDDLE ROAD #18-01 FORTUNE CENTRE Singapore 188979",""
10128,"Singapore","146 ROBINSON ROAD #06-01  Singapore 068909",""
10129,"Singapore","8 MARINA BOULEVARD #05-02 MARINA BAY FINANCIAL CENTRE Singapore 018981",""
10130,"Singapore","3 ANSON ROAD #07-01 SPRINGLEAF TOWER Singapore 079909",""
10131,"Indonesia","
Cianjur","Cianjur"
10133,"Singapore","120 ADAM ROAD  JAPANESE CLUB Singapore 289899",""
10144,"Singapore","32B NORTH CANAL ROAD   Singapore 059288",""
10149,"Singapore","39 SOUTH BRIDGE ROAD   Singapore 058673",""
10152,"","134 Carmelite St., Merville Park, 1700 Para?aque City",""
10154,"Singapore","21 COLLYER QUAY #13-02 HSBC BUILDING Singapore 049320",""
10157,"Singapore","100 VICTORIA STREET #14-01  Singapore 188064",""
10167,"Singapore","59A NEIL ROAD   Singapore 088894",""
10168,"Singapore","55 CANTONMENT ROAD   Singapore 089754",""
10169,"Singapore","55 CANTONMENT ROAD   Singapore 089754",""
10170,"Singapore","55 CANTONMENT ROAD   Singapore 089754",""
10171,"Singapore","55 CANTONMENT ROAD   Singapore 089754",""
10172,"Singapore","80 ROBINSON ROAD #02-00  Singapore 068898",""
10177,"","Fullerton, 1219/90 Sukhumvit, Wattana, Bangkok 10110"," Switzerland/Ba"
10179,"Singapore","85 SULTAN GATE   Singapore 198501",""
10185,"","Penthouse, PHINMA Plaza 39 Plaza Drive, Rockwell Center, Makati City",""
10186,"","Sitapuri, New Delhi",""
10188,"","6 Sukhumvit 12, Klongteoy District, Bangkok 10110 Volunteers:"," Bangkok"
10192,"Singapore","7A LORONG 8 TOA PAYOH #04-01 AGAPE VILLAGE Singapore 319264",""
10195,"","191 Soi Vipavadee 62, Talad Bangkhen, Laksi, Bangkok 10210"," Bangkok/Chiang"
10196,"","106 Moo 1, Ban Huay Khom, T Mae Yao, A Muang, Chiang Rai 57100, Thailand"," Chiang Rai"
10197,"Singapore","52 TELOK BLANGAH ROAD #01-05 TELOK BLANGAH HOUSE Singapore 098829",""
10201,"Singapore","415 Bukit Batok West, Avenue 4 #01-264  Singapore 650415",""
10210,"Singapore","80 ROBINSON ROAD #02-00  Singapore 068898",""
10216,"","A- 86, East of Kailash, New Delhi, 110065 INDIA",""
10217,"Singapore","278 MARINE PARADE ROAD #B1-02 MARINE PARADE COMMUNITY CENTRE Singapore 449282",""
10221,"Singapore","97 TANK ROAD  TEOCHEW BUILDING Singapore 238066",""
10228,"Singapore","352 TANGLIN ROAD #02-04/05 TANGLIN INTERNATIONAL CENTRE Singapore 247671",""
10229,"Singapore","5 BUKIT BATOK EAST AVENUE 2  CHURCH OF ST. MARY OF ANGELS Singapore 659918",""
10237,"Singapore","65 WOODSVILLE CLOSE   Singapore 357794",""
10239,"","Unit 310 3/F, Cattleya Condominium Building, 235 Salcedo Str., Legaspi Village, Makati City 1229",""
10240,"","#22 East Avenue, Quezon City, 1100 PHILIPPINES",""
10244,"Singapore","132 Sophia Road Church House   Singapore 228186",""
10245,"Singapore","6 Sea Breeze Road   Singapore 487442",""
10248,"Singapore","51 WATERLOO STREET #02-06  Singapore 187969",""
10249,"Singapore","5 ANG MO KIO AVENUE 10  PATHLIGHT SCHOOL Singapore 569739",""
10255,"Singapore","1 VICTORIA PARK CLOSE   Singapore 266547",""
10256,"Singapore","20 UPPER CIRCULAR ROAD #02-01 THE RIVERWALK Singapore 058416",""
10258,"Indonesia","Jl. Utan Kayu Raya no.69D
Jakarta - DKI JAKARTA",""
10260,"Singapore","181 ORCHARD ROAD #10-01 ORCHARD CENTRAL Singapore 238896",""
10272,"Singapore","72 SENG POH ROAD #01-59 TIONG BAHRU ESTATE Singapore 160072",""
10273,"","The SET Foundation, Academic Resource Center, Rajabhat University,
    Sawanwithi Road, Amphur Muang, Nakhon Sawan 60000"," Nakhon Sawan"
10275,"Singapore","1 SCOTTS ROAD #13-00 SHAW CENTRE Singapore 228208",""
10277,"Singapore","175 TELOK AYER STREET   Singapore 068623",""
10278,"Singapore","11 PLAYFAIR ROAD   Singapore 367986",""
10280,"Singapore","159 SERANGOON GARDEN WAY  SINGAPORE CHESHIRE HOME Singapore 556056",""
10281,"Singapore","3 ANSON ROAD #07-01 SPRINGLEAF TOWER Singapore 079909",""
10282,"Singapore","90 GOODMAN ROAD #01-07 GOODMAN ARTS CENTRE Singapore 439053",""
10283,"Singapore","54 WATERLOO STREET   Singapore 187953",""
10284,"Singapore","2 OXLEY RISE  CHESED-EL SYNAGOGUE Singapore 238693",""
10287,"Singapore","352 TANGLIN ROAD #01-05 TANGLIN INTERNATIONAL CENTRE Singapore 247671",""
10289,"","Jagannath Shankarsheth Municipal School Bldg 2nd Floor, Room no.54/55 Grant Road, Nana Chowk, Mumbai, 400 007 INDIA",""
10291,"","No.693 Bunrung-Muang Road, Kwang Klong
    Mahanak, Khet","
    Bangkok"
10293,"Singapore","96 SOPHIA ROAD #05-01  Singapore 228164",""
10294,"Singapore","112 ROBINSON ROAD #12-01 ROBINSON 112 Singapore 068902",""
10295,"","CSIR Road Taramani, Chennai, 600113 INDIA",""
10296,"Singapore","55 CANTONMENT ROAD   Singapore 089754",""
10301,"Singapore","10 MARINA BOULEVARD #13-01/02 MARINA BAY FINANCIAL CENTRE Singapore 018983",""
10302,"Singapore","1000 Toa Payoh North  News Centre Singapore 318994",""
10304,"Singapore","45 ARMENIAN STREET   Singapore 179936",""
10305,"Indonesia","Perum ABR Blok E3 No.7
Desa Kembangan Kec. Kebomas
Gresik GRESIK - JAWA TIMUR",""
10308,"Singapore","402 UPPER CHANGI ROAD   Singapore 486930",""
10312,"Singapore","357 PASIR PANJANG ROAD   Singapore 118697",""
10313,"Singapore","21 COLLYER QUAY #16-01 HSBC Singapore 049320",""
10315,"Singapore","42 CAIRNHILL ROAD #02-01  Singapore 229661",""
10318,"Singapore","1 SELEGIE ROAD #05-01/02 POMO Singapore 188306",""
10320,"Singapore","54 WATERLOO STREET   Singapore 187953",""
10330,"Singapore","100 VICTORIA STREET #10-01/02 NATIONAL LIBRARY BUILDING Singapore 188064",""
10331,"Singapore","1 MARINA BOULEVARD #28-00 ONE MARINA BOULEVARD Singapore 018989",""
10335,"Singapore","1207 DOVER ROAD  UNITED WORLD COLLEGE Singapore 139654",""
10336,"Singapore","141 CECIL STREET #10-01 TUNG ANN ASSOCIATION BUILDING Singapore 069541",""
10341,"Indonesia","Jl.Taman Amir Hamzah no.8
Jakarta 10320 - DKI JAKARTA",""
10342,"Singapore","45 GREENRIDGE CRESCENT  GREENRIDGE Singapore 598933",""
10345,"Singapore","8 LORONG 27A GEYLANG #03-16  Singapore 388106",""
10346,"Singapore","113 EUNOS AVENUE 3 #05-004 GORDON INDUSTRIAL BUILDING Singapore 409838",""
10354,"","No. 26, Second Seaward Street, Valmiki Nagar, Thiruvanmiyur, Chennai, 600041 INDIA",""
10355,"Singapore","7500A BEACH ROAD #14-324 THE PLAZA Singapore 199591",""
10357,"","22-24 First Floor, Pansodan Lowest St, Kyauktada TS, Yangon, 11181 MYANMAR",""
10361,"Singapore","32 JALAN LOKAM  BLK C Singapore 537875",""
10362,"","Km. 14 West Service Road, South Superhighway cor. Edison Ave., Brgy. Sun Valley, Para�aque City",""
10364,"Singapore","72-13 MOHAMED SULTAN ROAD   Singapore 239007",""
10367,"Singapore","101 Sector B Sin Ming  Industrial Estate Singapore 575662",""
10368,"Singapore","472 Changi Road 9Km   Singapore 419890",""
10374,"Singapore","2 Cluny Road   Singapore 259570",""
10378,"Singapore","257A UPPER THOMSON ROAD   Singapore 574384",""
10380,"Singapore","50 CHIN SWEE ROAD #01-02 THONG CHAI BUILDING Singapore 169874",""
10381,"Singapore","14 Lorong 29 Geylang Road   Singapore 388068",""
10382,"Singapore","91 Geylang East Avenue 2   Singapore 389759",""
10383,"Singapore","1A BOON TECK ROAD   Singapore 329578",""
10391,"Singapore","1 NORTH BRIDGE ROAD #03-33 HIGH STREET CENTRE Singapore 179094",""
10392,"Singapore","1 North Bridge Road #03-33 High Street Centre Singapore 179094",""
10393,"Singapore","1 NORTH BRIDGE ROAD #03-33 HIGH STREET CENTRE Singapore 179094",""
10394,"Singapore","5 STURDEE ROAD   Singapore 207838",""
10395,"Singapore","101A Sin Ming Industrial Estate  Off Sin Ming Road Singapore 575663",""
10396,"Singapore","1 Park Road #04-04 People's Park Complex Singapore 059108",""
10397,"Singapore","189 Selegie Road #B1-06 Selegie Centre Singapore 188332",""
10398,"Singapore","2 Lorong Ong Lye   Singapore 536358",""
10399,"Singapore","36-S Paya Lebar Crescent   Singapore 536075",""
10400,"Singapore","51 Bedok North Avenue 4   Singapore 469695",""
10401,"Singapore","95 TAMPINES LINK #01-03  Singapore 528745",""
10403,"Singapore","2 Lorong 13 Geylang   Singapore 388640",""
10405,"","Happy Valley, Gadenling District Dehradun, Mussoorie, 248 179 INDIA",""
10407,"Singapore","68 Jalan Pemimpin   Singapore 577220",""
10408,"Singapore","448 Race Course Road   Singapore 218692",""
10409,"Singapore","146C Paya Lebar Road   Singapore 409040",""
10410,"Singapore","2 Allenby Road #02-01 Futsing Building Singapore 209973",""
10411,"Singapore","20 Jalan Rama Rama   Singapore 329100",""
10419,"Indonesia","Jl. Piere Tendean No. 1, Kampung Arab
Waingapu Sumba Timur 87112 - NUSA TENGGARA TIMUR",""
10430,"Singapore","44 ENG HOON STREET  TIONG BAHRU ESTATE Singapore 169786",""
10431,"Singapore","25 Serangoon North Avenue 3   Singapore 555864",""
10432,"Singapore","1085 Stirling Road   Singapore 148953",""
10433,"Singapore","523 Yishun Industrial Park A   Singapore 768770",""
10436,"Indonesia","Jl. Dr. Kayadoe Sk 26/1
Ambon - MALUKU",""
10437,"Indonesia","Jl. MT. Haryono, Komp Pasar Baru Kendari
92117 - SULAWESI TENGGARA",""
10442,"Singapore","93 TOA PAYOH CENTRAL #01-01  Singapore 319194",""
10443,"Singapore","480 LORONG 2 TOA PAYOH  TOA PAYOH METHODIST CHURCH Singapore 319641",""
10444,"Singapore","160 LORONG 6 TOA PAYOH  TOA PAYOH EAST CC Singapore 319380",""
10445,"Singapore","70 BARKER ROAD #04-02  Singapore 309936",""
10446,"Singapore","2 Lorong 6 Toa Payoh   Singapore 319377",""
10447,"Singapore","480 LOR 2 TOA PAYOH #03-01 TOA PAYOH TAMIL METHODIST CHURCH Singapore 319641",""
10448,"Singapore","200 LORONG 2 TOA PAYOH  TOA PAYOH WEST COMMUNITY CLUB Singapore 319642",""
10455,"Singapore","18-A Lorong 37 Geylang   Singapore 387913",""
10456,"Singapore","177Q Lorong 7 Toa Payoh   Singapore 319318",""
10457,"Singapore","31 DEVONSHIRE ROAD   Singapore 239851",""
10458,"Singapore","1055 Serangoon Road   Singapore 328172",""
10459,"Singapore","212 Jurong East Street 32   Singapore 609474",""
10464,"Singapore","8 FOWLIE ROAD  TOONG CHAI SCHOOL Singapore 428482",""
10465,"Singapore","8 FOWLIE ROAD  TOONG CHAI SCHOOL Singapore 428482",""
10470,"","7F, The Salcedo Towers, 169 HV Dela Costa St., Salcedo Village, Makati City",""
10472,"Singapore","162 BUKIT MERAH CENTRAL #05-3545  Singapore 150162",""
10473,"Singapore","162 BUKIT MERAH CENTRAL #05-3545  Singapore 150162",""
10474,"Singapore","162 BUKIT MERAH CENTRAL #05-3545  Singapore 150162",""
10481,"","Tour de Asia Bicycle Touring Co.,
    Ltd."," Prachuap Khiri"
10483,"Singapore","15A SMITH STREET   Singapore 058929",""
10486,"Indonesia","Jalan Mesjid III No.28 Pejompongan
Jakarta 10210 KOTA JAKARTA PUSAT - DKI JAKARTA",""
10490,"Singapore","401 COMMONWEALTH DRIVE #01-04 HAW PAR TECHNO CENTRE Singapore 149598",""
10491,"Indonesia","Jl. Raden Panji No. A4 Kekalik
Mataram 83115 KOTA MATARAM - NUSA TENGGARA BARAT",""
10494,"Singapore","411 Bedok North Avenue 2 #01-106  Singapore 460411",""
10499,"Singapore","5001 BEACH ROAD #09-86 GOLDEN MILE COMPLEX Singapore 199588",""
10500,"Indonesia","JL Amil Raya No.5, RT.01 RW. 04, Pejaten Barat, Pasar Minggu
 

Email : info@ti.or.id

http://www.ti.or.id
Jakarta 12510 - DKI JAKARTA",""
10526,"Indonesia","Kel.Walian
Tomohon - SULAWESI UTARA",""
10527,"Singapore","3 STADIUM DRIVE #01-33  Singapore 397630",""
10531,"Indonesia","Jl.Bhayangkara I no.103
Jayapura - PAPUA",""
10532,"Singapore","70 BARKER ROAD #05-05 The Methodist Centre Singapore 309936",""
10533,"Singapore","70 BARKER ROAD #06-05  Singapore 309936",""
10534,"Singapore","247 PAYA LEBAR ROAD #03-01 TRINITY @ PAYA LEBAR Singapore 409045",""
10535,"Singapore","34 Serangoon Garden Way   Singapore 555940",""
10536,"Singapore","490 UPPER BUKIT TIMAH ROAD   Singapore 678093",""
10537,"Singapore","411-D Jalan Besar   Singapore 209014",""
10540,"","77/189-190, Fl. 42, Sinsathorn Tower,
    Krungthonburi Rd., Kwang Tonsai, KHet Klongsarn, Bangkok 10600"," Bangkok"
10549,"Singapore","117 SIMS AVENUE   Singapore 387441",""
10553,"Singapore","5209 ANG MO KIO AVE 6   Singapore 569845",""
10554,"Singapore","17-D Adam Road   Singapore 289890",""
10555,"Singapore","32 Lorong H Telok Kurau   Singapore 426020",""
10556,"Singapore","17-D Adam Road   Singapore 289890",""
10557,"Singapore","9A Gilstead Road   Singapore 309063",""
10558,"Singapore","156B STIRLING ROAD   Singapore 148947",""
10559,"Singapore","156B STIRLING ROAD  TRUE WAY PRESBYTERIAN CHURCH Singapore 148947",""
10560,"Singapore","100 BUKIT TIMAH ROAD  KK WOMEN'S AND CHILDREN'S HOSPITAL Singapore 229899",""
10562,"Singapore","201 Pandan Gardens   Singapore 609337",""
10563,"Singapore","479 TAMPINES STREET 44 #01-241  Singapore 520479",""
10564,"Singapore","298 TIONG BAHRU ROAD #15-01 CENTRAL PLAZA Singapore 168730",""
10565,"Singapore","601 Sin Ming Drive   Singapore 575719",""
10568,"Singapore","11 JALAN TAN TOCK SENG  TAN TOCK SENG HOSPITAL Singapore 308433",""
10569,"Singapore","14 JALAN KEBAYA   Singapore 278319",""
10570,"Singapore","51 Bedok North Avenue 4   Singapore 469695",""
10571,"Singapore","- -  Blk 118 Boon Lay Drive Singapore 649923",""
10580,"Singapore","21 COLLYER QUAY #10-02 HSBC BUILDING Singapore 049320",""
10583,"Indonesia","East Coast Park R8/16, Pakuwon City
Surabaya 60119 - JAWA TIMUR",""
10584,"Indonesia","Jl. Lawu 168
Karanganyar - JAWA TENGAH",""
10585,"Singapore","190 CHANGI ROAD #03-01  Singapore 419974",""
10586,"Singapore","145 MARINE PARADE ROAD #04-00 CHURCH OF SINGAPORE Singapore 449274",""
10587,"Singapore","145 MARINE PARADE ROAD #04-00 CHURCH OF SINGAPORE Singapore 449274",""
10588,"Indonesia","Jl. Ciniru 7 No.23. Kebayoran Baru
12180 KOTA JAKARTA SELATAN - DKI JAKARTA",""
10594,"Singapore","341 JAMAICA ROAD   Singapore 757615",""
10599,"Singapore","109A HOUGANG AVE 5   Singapore 538818",""
10600,"Singapore","10 Lakepoint Drive #04-51  Singapore 648927",""
10612,"Singapore","70 SENGKANG WEST AVENUE #01-03  Singapore 797651",""
10613,"Indonesia","Desa Tebuk Kecamatan Nita Maumere
Flores - NUSA TENGGARA TIMUR",""
10616,"","16/97-A, First Floor Vikram Vihar Lajpat Nagar-IV, New Delhi, 110024 INDIA",""
10634,"Singapore","170 GHIM MOH ROAD #01-01 ULU PANDAN COMMUNITY BUILDING Singapore 279621",""
10635,"Singapore","82 REDHILL LANE #4-67  Singapore 150082",""
10637,"Indonesia","Jl. Tgk. Chik Dilamnyong Sektor Selatan no.4A
Banda Aceh 23111 - ACEH",""
10638,"","Ground Floor, Mantri Pride 1-B, 162 N.M. Joshi Marg, Subhash Nagar Lower Parel, Mumbai, 400 011 INDIA",""
10664,"Indonesia","Jl. Berdikari Kav. 2
Palmerah
Jakarta 11540 KOTA JAKARTA BARAT - DKI JAKARTA",""
10668,"","31st Floor, Yuchengco Tower, RCBC Plaza 6819 Ayala Avenue, Makati City, 1200 PHILIPPINES",""
10681,"","9/29, Prashanth Nagar, Boduppal Road, Uppal, Hyderabad, 500039 INDIA",""
10686,"Singapore","1 SOPHIA ROAD #05-01 PEACE CENTRE Singapore 228149",""
10687,"Singapore","714 CLEMENTI WEST STREET 2 #01-139  Singapore 120714",""
10690,"Singapore","Singapore",""
10691,"","2 Nassim Road, Singapore, 258370 SINGAPORE",""
10711,"","# 5, Crimson Court,  3rd Floor Jeevan Bhima Nagar Main Road HAL 3rd Stage, Bangalore, 560 075 INDIA",""
10712,"","2/27, GF, Sarva Priya Vihar, New Delhi, 110016 INDIA",""
10713,"Singapore","1207 DOVER ROAD  UNITED WORLD COLLEGE Singapore 139654",""
10714,"Singapore","1207 DOVER ROAD  UNITED WORLD COLLEGE Singapore 139654",""
10719,"","Old Provincial Hall at Prap Hau Monument, Tambun Naimuang, Amphoe
    Muang, Nongkhai 43000, Thailand"," Nongkhai"
10721,"","Room 201-202 NEC Building UP Campus Diliman, Quezon City, PHILIPPINES",""
10722,"Singapore","5 Lower Kent Ridge Road  NUS Sheares Hall Singapore 119074",""
10723,"Singapore","10 ANSON ROAD #23-02 INTERNATIONAL PLAZA Singapore 079903",""
10734,"Indonesia","Komplek Perkantoran Royal Palace Blok C-3
Jl. Prof. Dr. Soepomo, SH Kav. 178A
Menteng Dalam
Jakarta Selatan 12870 - DKI JAKARTA",""
10736,"Indonesia","Jl. Kaliurang Gg. Jurug Sari IV/19
Yogyakarta 55281 - DI YOGYAKARTA",""
10740,"Indonesia","Jl. Kalibata Utara I no.18
Jakarta 12710 - DKI JAKARTA",""
10741,"Cambodia","#54AEo, St. 265, Group 6, Boeung Salang, Toul Kork, Phnom Penh",""
10744,"Cambodia","Phnom Penh",""
10752,"Indonesia","Jl. Klitren Lor GK III/374
Yogyakarta 55222 - DI YOGYAKARTA",""
10753,"Indonesia","PO BOX 122
Purbalingga 53301 - JAWA TENGAH",""
10760,"Singapore","32B HONG SAN TERRACE   Singapore 688785",""
10775,"Singapore","205 TOA PAYOH NORTH #01-1145 TOA PAYOH NORTH Singapore 310205",""
10778,"Singapore","80 RAFFLES PLACE #26-01 UOB PLAZA Singapore 048624",""
10780,"Singapore","10 Kent Ridge Crescent  National University Of Singapore Singapore 119260",""
10782,"","C 377, Church Road, Indira Nagar, Uttar Pradesh, Lucknow, 226016 INDIA",""
10788,"Indonesia","Denpasar 80234 - BALI",""
10790,"Singapore","3 PEMIMPIN DRIVE #07-02 LIP HING BUILDING Singapore 576147",""
10797,"Singapore","4 SOMMERVILLE ROAD   Singapore 358228",""
10801,"Singapore","133 BEDOK NORTH AVENUE 3 #01-138  Singapore 460133",""
10815,"","Paris, 71 3rd, Barcelona, 08029 SPAIN",""
10816,"Cambodia","#28, St. 80, S/k Sras Chork, Phnom Penh",""
10821,"Singapore","133 NEW BRIDGE ROAD #25-03/08 CHINATOWN POINT Singapore 059413",""
10822,"Singapore","35 SELEGIE ROAD #10-18 PARKLANE SHOPPING MALL Singapore 188307",""
10823,"Singapore","623 LORONG 4 TOA PAYOH   Singapore 319518",""
10824,"Singapore","15C MACKENZIE ROAD   Singapore 228677",""
10825,"Singapore","10 Anson Road #03-09 International Plaza Singapore 079903",""
10832,"","New #25, Old #10/2, First Main Road Kasthribai Nagar Adyar, Chennai, 600020 INDIA",""
10842,"Indonesia","80571 Ubud (Banjar Tengah, LODTUNDUH)","Ubud"
10857,"Singapore","20-24 LORONG 27-A GEYLANG   Singapore 388112",""
10861,"Cambodia","#71B, St.115, Veal Vong, 7 Makara, Phnom Penh",""
10866,"Singapore","72 SHREWSBURY ROAD   Singapore 307837",""
10868,"Indonesia","Jl. Dr. Sam Ratulangi no.59
Maros 90511 - SULAWESI SELATAN",""
10870,"Singapore","3 STADIUM DRIVE   Singapore 397630",""
10882,"Singapore","8 SINARAN DRIVE #03-01 OASIA HOTEL NOVENA, SINGAPORE Singapore 307470",""
10890,"Singapore","11 PASIR RIS FARMWAY 2   Singapore 519326",""
10893,"Singapore","3 STADIUM DRIVE   Singapore 397630",""
10963,"Indonesia","80571 Ubud (Petulu)","Ubud"
11040,"Indonesia","Jl. Puputan III No.A34
Denpasar 80226 - BALI",""
11043,"Indonesia","Kp. Tegalgede  Jl. Cirebon RT/RW 05/11 Kelurahan Kotabaru Kecamatan Cibeureum
Tasikmalaya - JAWA BARAT",""
11044,"Indonesia","Jl. Bekasi Timur IX/6
Jatinegara
Jakarta 13350 - DKI JAKARTA",""
11045,"Indonesia","Jl. Penjernihan II No. 7, Kel. Bendungan Hilir, Kec. Tanah Abang
Jakarta","Jakarta"
11051,"Singapore","596 Yishun Ring Road   Singapore 768691",""
11052,"Indonesia","Jl. Papera no.2507 Rt.73
Brembang
Palembang 30129 - SUMATERA SELATAN",""
11053,"Indonesia","Jl. Hertasning IV no.20
Makassar 90222 - SULAWESI SELATAN",""
11054,"Indonesia","ln. Prof. Dr. Supomo Town House A-03
Palembang 30128 - SUMATERA SELATAN",""
11055,"Indonesia","Jl. Meo Abekunatun - Kel. Lidak, Kec. Kota Atambua
85716 - NUSA TENGGARA TIMUR",""
11056,"Indonesia","Jl.Lawonda ds.Ajianka Kec.Katikulana
Waikabubak
Sumba Barat 87203 - NUSA TENGGARA TIMUR",""
11057,"Indonesia","Tanete Kendan Desa Madandan Kec. Sanggalangi Tator P.O. Box 68, Rantepao
Tanatoraja - SULAWESI SELATAN",""
11058,"Indonesia","Teuku Umar Jl. Tupai/ Bhakti Gg. Kancil No. 34 Sidodadi, Kedaton
Bandar Lampung 35147 KOTA BANDAR LAMPUNG - LAMPUNG",""
